linkedin_link,company_name,contact_name,name_prefix,full_name,first_name,last_name,email,title_position,person_location,full_address,company_phone,company_head_count,country,city,state,tag,source_link,middle_name,sur_name,gender,personal_phone,employee_range,company_website,company_description,company_linkedin_link,company_hq_address,industry,revenue,street,zip_code,rating,sheet_name,job_link,job_role,checked_by,review
https://linkedin.com/in/johndoe,TechCorp,John Doe,Mr.,John Doe,John,Doe,john.doe@example.com,Manager,New York,123 Main St.,1234567890,200,USA,New York,NY,Lead,http://example.com,james,,Male,987654321,50-200,http://techcorp.com,Leading tech company,https://linkedin.com/company/techcorp,456 HQ Ave.,Technology,1M,Main Street,12345,4,Sheet 1,http://example.com/job,Developer,Reviewer Name,Reviewed comments
https://linkedin.com/in/johndoe,TechCorp,John Doe,Mr.,John Doe,John,Doe,john.doe@example.com,Manager,New York,123 Main St.,1234567890,200,USA,New York,NY,Lead,http://example.com,james,,Male,987654321,50-200,http://techcorp.com,Leading tech company,https://linkedin.com/company/techcorp,456 HQ Ave.,Technology,1M,Main Street,12345,4,Sheet 1,http://example.com/job,Developer,Reviewer Name,Reviewed comments
https://linkedin.com/in/johndoe,TechCorp,John Doe,Mr.,John Doe,John,Doe,john.doe@example.com,Manager,New York,124 Main St.,1234567890,200,USA,New York,NY,Lead,http://example.com,james,,Male,987654322,50-201,http://techcorp.com,Leading tech company,https://linkedin.com/company/techcorp,457 HQ Ave.,Technology,1M,Main Street,12346,5,Sheet 2,http://example.com/job,Developer,Reviewer Name,Reviewed comments
https://linkedin.com/in/johndoe,TechCorp,John Doe,Mr.,John Doe,John,Doe,john.doe@example.com,Manager,New York,125 Main St.,1234567890,200,USA,New York,NY,Lead,http://example.com,james,,Male,987654323,50-202,http://techcorp.com,Leading tech company,https://linkedin.com/company/techcorp,458 HQ Ave.,Technology,1M,Main Street,12347,6,Sheet 3,http://example.com/job,Developer,Reviewer Name,Reviewed comments
https://linkedin.com/in/johndoe,TechCorp,John Doe,Mr.,John Doe,John,Doe,john.doe@example.com,Manager,New York,126 Main St.,1234567890,200,USA,New York,NY,Lead,http://example.com,james,,Male,987654324,50-203,http://techcorp.com,Leading tech company,https://linkedin.com/company/techcorp,459 HQ Ave.,Technology,1M,Main Street,12348,7,Sheet 4,http://example.com/job,Developer,Reviewer Name,Reviewed comments
https://linkedin.com/in/johndoe,TechCorp,John Doe,Mr.,John Doe,John,Doe,john.doe@example.com,Manager,New York,127 Main St.,1234567890,200,USA,New York,NY,Lead,http://example.com,james,,Male,987654325,50-204,http://techcorp.com,Leading tech company,https://linkedin.com/company/techcorp,460 HQ Ave.,Technology,1M,Main Street,12349,8,Sheet 5,http://example.com/job,Developer,Reviewer Name,Reviewed comments
https://linkedin.com/in/johndoe,TechCorp,John Doe,Mr.,John Doe,John,Doe,john.doe@example.com,Manager,New York,128 Main St.,1234567890,200,USA,New York,NY,Lead,http://example.com,james,,Male,987654326,50-205,http://techcorp.com,Leading tech company,https://linkedin.com/company/techcorp,461 HQ Ave.,Technology,1M,Main Street,12350,9,Sheet 6,http://example.com/job,Developer,Reviewer Name,Reviewed comments
https://linkedin.com/in/johndoe,TechCorp,John Doe,Mr.,John Doe,John,Doe,john.doe@example.com,Manager,New York,129 Main St.,1234567890,200,USA,New York,NY,Lead,http://example.com,james,,Male,987654327,50-206,http://techcorp.com,Leading tech company,https://linkedin.com/company/techcorp,462 HQ Ave.,Technology,1M,Main Street,12351,10,Sheet 7,http://example.com/job,Developer,Reviewer Name,Reviewed comments
https://linkedin.com/in/johndoe,TechCorp,John Doe,Mr.,John Doe,John,Doe,john.doe@example.com,Manager,New York,130 Main St.,1234567890,200,USA,New York,NY,Lead,http://example.com,james,,Male,987654328,50-207,http://techcorp.com,Leading tech company,https://linkedin.com/company/techcorp,463 HQ Ave.,Technology,1M,Main Street,12352,11,Sheet 8,http://example.com/job,Developer,Reviewer Name,Reviewed comments
https://linkedin.com/in/johndoe,TechCorp,John Doe,Mr.,John Doe,John,Doe,john.doe@example.com,Manager,New York,131 Main St.,1234567890,200,USA,New York,NY,Lead,http://example.com,james,,Male,987654329,50-208,http://techcorp.com,Leading tech company,https://linkedin.com/company/techcorp,464 HQ Ave.,Technology,1M,Main Street,12353,12,Sheet 9,http://example.com/job,Developer,Reviewer Name,Reviewed comments
