Job Link,Job Role,Company Name,Web Link,First Name,Last Name,Email Address,Title,LinkedIn Link,Phone Number,Job Location,#of Employee,Review
https://www.linkedin.com/jobs/view/4066771310,Senior Financial Analyst,Agecare,agecare.ca,Natalie,Caputo,natalie.caputo@agecare.ca,"Director, Human Resources",http://www.linkedin.com/in/natalie-caputo-b4194a1a,403-873-3200,"Mississauga, Ontario, Canada",1447,Hasib Uddin
https://www.linkedin.com/jobs/view/4115769352,"Senior Accountant, Finance Operations - 6 Month Contract",Amica Senior Lifestyles,amica.ca,Ron,Herry,r.herry@amica.ca,"Vice President, Finance",http://www.linkedin.com/in/rherry,416-487-2020,"Toronto, Ontario, Canada",1522,Hasib Uddin
https://www.linkedin.com/jobs/view/4012303561,Contract Senior Financial Analyst,Arterra Wines Canada,arterracanada.com,Fay,Liu,fay.liu@arterracanada.com,Finance Manager,http://www.linkedin.com/in/fayliu2014,905-564-6906,"Mississauga, Ontario, Canada",743,Hasib Uddin
https://www.linkedin.com/jobs/view/4127871052,Senior Accountant,Avanti Software Inc.,avanti.ca,Bidushi,Dhungana,bdhungana@avanti.ca,"Senior Manager, Finance",http://www.linkedin.com/in/bidushdhungana,403-225-2366,Canada,125,Hasib Uddin
https://www.linkedin.com/jobs/view/4049485455,Financial Analyst (1-year contract),Cadillac Fairview,cadillacfairview.com,Iria,Statiris,iria.statiris@cadillacfairview.com,Senior Vice President Finance,http://www.linkedin.com/in/iria-statiris-finance-executive,416-598-8200,"Toronto, Ontario, Canada",1561,Hasib Uddin
https://www.linkedin.com/jobs/view/4119853689,Senior Accountant,Calian Group,calian.com,Will,Majic,w.majic@calian.com,VP of Finance,http://www.linkedin.com/in/will-majic-cpa-ca-8b793658,613-599-8600,Canada,1018,Hasib Uddin
https://ca.indeed.com/rc/clk?jk=a3e90eb74be0dace&bb=duItIG1F-N9Rgjt2G8oqw_TvHEprGXJjoPikQug9SjqvBqXNOu8e-cWgaxA_t2jBzMVyxJi_hq2hK-jC1Ygspw86untKwwDOBKXHMhb4TNDBZ-b2SnrO7ICo6TJ78Hri&xkcb=SoAp67M335ZBhLSkCB0PbzkdCdPP&fccid=cf85ec9584c2487e&cmp=Chens-Enterprises-Corporation&ti=Assistant+Accountant&vjs=3,Assistant Senior Accountant,Chens Enterprises Corporation,chensec.com,Jie,Chen,jie.chen@chensec.com,President,https://www.linkedin.com/in/jie-chen-9b664149/?originalSubdomain=ca,(905) 624-1188,"Mississauga, ON",20,Arif Hasan
https://www.linkedin.com/jobs/view/4124143188,Financial Analyst - Budgets,City Of Cambridge Ontario,cambridge.ca,Magda,Leski,leskim@cambridge.ca,Manager of Human Resources,http://www.linkedin.com/in/magdaleski,519-623-1340,"Cambridge, Ontario, Canada",474,Hasib Uddin
https://www.linkedin.com/jobs/view/4097009909,Senior Financial Analyst,Clio - Cloud-Based Legal Technology,clio.com,Marina,Harris,marina.harris@clio.com,Chief People Officer,http://www.linkedin.com/in/marina-harris-47ba74,888-858-2546,"Toronto, Ontario, Canada",1370,Hasib Uddin
https://www.linkedin.com/jobs/view/4128464549,General Accounting Analyst- ClubLink Corporate Office (Entry Level),Clublink,clublink.ca,Dean,Macneil,dmacneil@clublink.ca,General Manager,http://www.linkedin.com/in/dean-macneil-828866116,800-661-1818,"King City, Ontario, Canada",706,Hasib Uddin
https://ca.indeed.com/rc/clk?jk=3a0e65f68ebf925c&bb=KuaMsql-Nrc7we0EKKi6826AAOjHbo5jRGYwyQonoxmuQM0og20dzvnUxk7BRDWPdK6u3VfD2BE7CjP9O6zZ8PrXyR5mYvP2pd8CXFpxebNpiT5Qoq03JCsA3iv1ccBq&xkcb=SoAF67M335ZVENRNW50AbzkdCdPP&fccid=5fb79bf1f6da0240&vjs=3,Intermediate Accountant,Clutch Technologies Inc.,clutch.ca,Benjamin,Koppeser,benjamin.koppeser@clutch.ca,Director of Finance,http://www.linkedin.com/in/bkoppeser,647-955-5340,"Toronto, ON",176,Arif Hasan
https://ca.indeed.com/rc/clk?jk=6f6629d8d23c1829&bb=sqW9hB1-VngVRDwfcOZWFP7M5Fbofo_yKCo0Yz5ZwJ_3tAUAmDj5G1lSSNCoyyamyopMkgBSuL8_0GLcxfiALBp1XnBjLvk61W9LHusLrg5qq_ez7TjtdgcLALxBXt3X&xkcb=SoAC67M335Ze_hwGRZ0JbzkdCdPP&fccid=a937dcdde04620bf&vjs=3,Junior Financial Analysts (*2 in Ottawa & Toronto),Clv Group,clvgroup.com,Oz,Drewniak,oz.drewniak@clvgroup.com,President,http://www.linkedin.com/in/oz-drewniak-7a3a9215,855-479-1916,"Ottawa, ON",190,Arif Hasan
https://www.linkedin.com/jobs/view/4119822863,Financial Analyst,Connectcpa Llp,connectcpa.ca,Michelle,Thain,michelle.thain@connectcpa.ca,Controller,http://www.linkedin.com/in/mthain,647-560-3350,Canada,100,Hasib Uddin
https://www.linkedin.com/jobs/view/4108078044,Senior Accountant,Cosmetica Laboratories Inc,cosmeticalabs.com,Pamilla,Pandoo,ppandoo@cosmeticalabs.com,Human Resources Manager,http://www.linkedin.com/in/pamillapandoo,416-615-2400,"Scarborough, Ontario, Canada",594,Hasib Uddin
https://ca.indeed.com/rc/clk?jk=eaa8a651613318f9&bb=hwNeH9Hwfjf80Np3vPCJxuSD6kIW4SSxhTFtPznqhC53BSIr8syMxh8evtKovCPAA4Md9mB9RuLkOV4SxidPWsxi3-WDi9mMj9ik-SxxfBZ-PcPVUU9dFObGW49ytG6K&xkcb=SoB467M335ZW6ETS5x0GbzkdCdPP&fccid=b992cd2fdac5d43c&cmp=CP-OFFICE-SOLUTION-INC.&ti=Junior+Accountant&vjs=3,Junior Accountant,Cp Office Solution Inc.,cpofficesolutions.ca,Peter,Zhao,peter@cpoffice.ca,President,http://www.linkedin.com/in/peter-zhao-57b337aa,888-875-9090,"Markham, ON L6G 1A7",11,Arif Hasan
https://ca.indeed.com/rc/clk?jk=16993372660a71fc&bb=3dsjGy4t3Jbrq9C7I5aXHxKUuomw-Qh0r3AV7QtwE4x776dlozkrRO3QqfK0DxNVgI-WCPDHxU9cbjzSN3mp3f3c_7FenSuYRh4IKE53eXtQNe_Joepv5fQfLtBzFe9s&xkcb=SoBm67M335Za8NykCB0CbzkdCdPP&fccid=3809c0a6f029c240&vjs=3,Senior Property Accountant,Createto,createto.ca,Kathryn,Truman,ktruman@createto.ca,Controller,http://www.linkedin.com/in/kathryn-truman-a4b9782a0,416-981-3889,"Hybrid work in Toronto, ON M5J 1E5",89,Hasib Uddin
https://www.linkedin.com/jobs/view/4126093794,Financial Analyst Co-op,Crh Canada,crhcanada.com,Oumadai,Sooklall,oumadai.sooklall@ca.crh.com,Director of Finance,http://www.linkedin.com/in/oumadai-sooklall-a9000514,905-761-7100,"Concord, Ontario, Canada",457,Hasib Uddin
https://www.linkedin.com/jobs/view/4126319474,Assistant Controller,Crozier: Consulting Engineers,cfcrozier.ca,Elaine,Plewes,eplewes@cfcrozier.ca,Finance Manager,http://www.linkedin.com/in/elaine-plewes-15a4b0287,705-446-3510,"Collingwood, Ontario, Canada",242,Hasib Uddin
https://ca.indeed.com/rc/clk?jk=f2689a1ef4c98db6&bb=neVDvZaS6wxpAIPNLAqG_mXo8yrzynO6yV1YNipx8DoG7Q4IKIa0g6Aaiz5wTiQUozvFZnWg_TkJacTJd6rYfmmcDg7yY9Di-Q2MnunL7qyaiqFLWiB1LLR44xcvZDAf&xkcb=SoDO67M335ZMgmgNWb0KbzkdCdPP&fccid=68d9b101f3d13d73&vjs=3,Jr. Financial Accountant,Crystal Claire Cosmetics,crystalclaire.com,Lily,Shen,lilys@crystalclaire.com,"Head, HR",https://www.linkedin.com/in/lilyshenchrp/,(416) 421-1882,"Scarborough, ON",202,Arif Hasan
https://ca.indeed.com/rc/clk?jk=81b88f4a3e366305&bb=neVDvZaS6wxpAIPNLAqG_vyCFmzT2Ju3kskkVWqx4ZcAfPBd1UwPwRwIum1geneAv3SF7aYU4zpMteF4aCXoyCKJHLhoD2SNoJRDGBRQlR7r-cVVO46-sQ%3D%3D&xkcb=SoA067M335ZMgmgNWb0BbzkdCdPP&fccid=31e7a67d00a8a56c&vjs=3,accountant,Curney Mechanical Ltd.,curney.ca,Jack,Parker,jack@curney.ca,President ,https://www.linkedin.com/in/jack-parker-44829519/,(519) 453-1614,"London, ON N6M 1A1",9,Arif Hasan
https://ca.indeed.com/rc/clk?jk=25b4bc5c812a5aad&bb=sr2XeCVtupDMrl_C3GB1EmrhsrFKyhenRqzjaY0qCIGVfpKl-lkTqN2p20a3s2pXb9MJJWnnj7HOULoIdSW_8e7HOrq6bFjdjCwJSMWrHC9sz_4ZRd5AZFf07jtXyn25&xkcb=SoDo67M335ZdICSkCB0GbzkdCdPP&fccid=9733d731beaf2200&vjs=3,Accountant,Darling International Canada Inc.,darlingii.ca,Melanie,Skrypec,mskrypec@darlingii.com,"Sr. Director, Human Resources",http://www.linkedin.com/in/melanie-skrypec-chrl-6b7a3841,800-263-0302,"Cambridge, ON N1T 1J5",123,Hasib Uddin
https://www.linkedin.com/jobs/view/4116487704,financial analyst,Dawson Partners,dawsonpartners.com,Brittany,Copeland,bcopeland@whitehorseliquidity.com,"Director, People & Culture",http://www.linkedin.com/in/brittanycopeland,647-925-1284,"Toronto, Ontario, Canada",228,Hasib Uddin
https://www.linkedin.com/jobs/view/4106939289,Supply Chain Financial Analyst,Deciem | The Abnormal Beauty Company,deciem.com,Robert,Morton,rmorton@deciem.com,Sr Director Finance,http://www.linkedin.com/in/robert-morton-cpa-cma-36bb96a5,800-513-6088,"Etobicoke, Ontario, Canada",1439,Hasib Uddin
https://www.linkedin.com/jobs/view/4126082158,Financial Analyst,Designer Brands,designerbrands.com,Kim,Wightman,kimwightman@designerbrandscanada.com,Sr Director of Finance,http://www.linkedin.com/in/kim-wightman-cpa-cma-60381089,614-237-7100,"Toronto, Ontario, Canada",1529,Hasib Uddin
https://www.linkedin.com/jobs/view/4128294988,Senior Financial Analyst,Diablo/Freud Tools,diablotools.com,David,Sparks,david.sparks@freudtools.com,General Manager,http://www.linkedin.com/in/david-sparks-86bb96b,800-334-4107,"Mississauga, Ontario, Canada",271,Hasib Uddin
https://ca.indeed.com/rc/clk?jk=1ebf0848c1bfe9fa&bb=PpcaEL72cAtfHgxQIJ8bIviEaRtiuGWtJfQej6tckkC5BUlQXAq4En7lh2gqyaHcC-fE2af3kJRDDJ80vw0LyyG0FsLlHm8a-g3jlLZGR4xCJHnPKs0wRCbXjTZT1sh0&xkcb=SoDg67M335ZeG3RNW50AbzkdCdPP&fccid=7a4ca4f7158d4213&cmp=Ecosystem-Informatics-Inc.&ti=Accountant&vjs=3,Accountant,Ecosystem Informatics Inc.,ecosinfo.ca,Graham,Clarke,graham@ecosinfo.ca,"Senior Director, Finance",http://www.linkedin.com/in/graham-clarke-9313b5104,289-878-0601,"Hybrid work in Milton, ON L9T 5E1",13,Hasib Uddin
https://ca.indeed.com/rc/clk?jk=96db407dcf909d83&bb=SDvIRSmFVmFp0WimAhe8ihepmVr7vI5poD1MbZDO12L8-8ZnbdoiO6El8VYZmIbl0WJZjSLhk4ahyGGO_wmPRCGaSKIkWcFaIQnf_MyrrWcgcD5g4hZSyg4Ej_zjFhDW&xkcb=SoAo67M335ZG7-y0xZ0LbzkdCdPP&fccid=2bdbfc0e7b9dfa16&vjs=3,Accountant,Educators Financial Group,educatorsfinancialgroup.ca,Jennifer,King,jking@educatorsfinancialgroup.ca,"Vice President, Human Resources",http://www.linkedin.com/in/jennifer-king-chrl-b604844,416-752-6843,"Toronto, ON M2J 5C2",113,Hasib Uddin
https://ca.indeed.com/rc/clk?jk=0a18b0c2d9605fc8&bb=p9uCpt-TGtPy5gt6HV5tK8gIDZgdAhAdXrD-s1iSwkKoDFhuXFmzkpuV1qdVdBG7sS3eTlBJB3Uyb1OM54wZLFPSR1VykKilrLwgBe11eWWY-yzZ-1C1_GFWaoZatW6VbMudm3aMit4%3D&xkcb=SoAn67M335ZOUfQGRZ0FbzkdCdPP&fccid=905d8022afa2e526&cmp=Embassy-Ingredients&ti=Financial+Analyst&vjs=3,Financial Analyst,Embassy Ingredients,embassyingredients.com,Vittoria,Garisto,garistov@embassyingredients.com,People Manager,http://www.linkedin.com/in/vittoria-garisto-4b2235141,905-789-3200,"Brampton, ON L6T 5V9",61,Hasib Uddin
https://ca.indeed.com/rc/clk?jk=ad537a13f80db438&bb=HUQBnIcz8iTrH0XqMioCfm8TRL5nO8vA7MZPBYjodY-b3_dTfmUIY0ba-Y5F1m1LMlm5SWxgL15td48G5WNW9AqRF6JC__EdpuiQkYaulBoYk9RFP1KRcdRVfY4RP4Oo&xkcb=SoBC67M335ZOMGwGRZ0BbzkdCdPP&fccid=2395dfa3326e983c&vjs=3,"Senior Financial Analyst, Revenue (SaaS Experience Required - Hybrid Position Toronto)",Emburse,emburse.com,Ania,Budziak,ania.budziak@emburse.com,"Manager, Human Resources",http://www.linkedin.com/in/ania-budziak-chrp-bb6b3657,877-362-8773,"Hybrid work in Toronto, ON",808,Hasib Uddin
https://ca.indeed.com/rc/clk?jk=a333a22b8160b861&bb=3dsjGy4t3Jbrq9C7I5aXH-AGXCS1B0tftybLXKtdVxeXApFtniYv1Xsk21An8zoRoWHfezSHfXR3Lr1TunwcgeV9fJnazFPVWaADfj0YVUjtDQeNynQdwzdSsBZ6idfs&xkcb=SoCc67M335Za8NykCB0JbzkdCdPP&fccid=f95d83af21f44bdc&vjs=3,Payroll & Accounting Analyst - Willowdale Asset Management,Empire Communities,empirecommunities.com,Paul,Theriault,ptheriault@empirecommunities.com,VP of Finance,http://www.linkedin.com/in/paul-theriault-38b54596,905-307-8102,"Concord, ON L4K 4K2",586,Hasib Uddin
https://www.linkedin.com/jobs/view/4078644131,Senior Financial Analyst - Investment Applications,Empire Life,empire.ca,Bola,Oyekanmi,bolade.oyekanmi@empire.ca,Owner,https://www.linkedin.com/in/oyekanmi-bola/,613-548-1881,"Toronto, Ontario, Canada",1077,Hasib Uddin
https://ca.indeed.com/rc/clk?jk=0bdb0cf6ee428e1b&bb=U-6Vm9jtdzqm-vFjBFme-jB0rFZsiORoE-g_Gn6Xy7K9lLuTI9-05aMK6oPXXtoJf__7iFbl-cY4YXlPj1kMIyEuE5IebN__pgIEAha7xPj_4ounaYhpxL4JhzKr2_ZZG8yCBlmGyjU%3D&xkcb=SoD967M335ZYZyxON50IbzkdCdPP&fccid=9250411ab1103d6b&cmp=Empowerment-Technologies-Inc.&ti=Accountant&vjs=3,Intermediate Accountant,Empowerment Technologies Inc.,etinc.ca,Rajesh,Jain,rj@etinc.ca,Chief Executive Officer,http://www.linkedin.com/in/rajesh-jain-34a614198,(905) 641-1893,"St. Catharines, ON",15,Arif Hasan
https://www.linkedin.com/jobs/view/4124134211,Financial Analyst,Enercare Inc.,enercare.ca,Linda,Liu,linda.liu@enercare.ca,Finance Manager,http://www.linkedin.com/in/linda-liu-cpa-a631a7153,416-849-6581,"Markham, Ontario, Canada",1016,Hasib Uddin
https://www.linkedin.com/jobs/view/4124625730,Assistant Controller,Eqi Ltd.,eqiltd.com,Suman,Rathod,srathod@eqiltd.com,Human Resources Manager,http://www.linkedin.com/in/sumanrathod,231-557-0063,"Cambridge, Ontario, Canada",129,Hasib Uddin
https://www.linkedin.com/jobs/view/4126150094,Senior Accountant,Evertz,evertz.com,Gillian,Lockhart,glockhart@evertz.com,Controller,http://www.linkedin.com/in/gillian-lockhart-mba-cpa-926504b1,905-335-3700,"Burlington, Ontario, Canada",1353,Hasib Uddin
https://www.linkedin.com/jobs/view/4043287025,Financial Analyst,Fidelity Canada,fidelity.ca,Ryan,Mohamed,ryan.mohamed@fidelity.ca,"Director, Finance",http://www.linkedin.com/in/ryanmohamed,416-307-5200,"Toronto, Ontario, Canada",1585,Hasib Uddin
https://ca.indeed.com/rc/clk?jk=dffd4c8a095b637f&bb=TdPSLjtcVhFSkhBSL1QbyVW76Au-4W6bQOX__DSaSq8MbdAXyb3zTp-u4pxu5QEYWpi9U_qLHZfn81ZY6VkasmFLqjPqwaJN1sjscm9hNmPGJO2MIbjbkpp8pBpQEnEY&xkcb=SoD_67M335ZCx9ANWb0PbzkdCdPP&fccid=c3860bd6085fdf7e&vjs=3,Senior Accountant (Remote),Gauvreau & Associates,gauvreaucpa.ca,Sarah,Carr,scarr@gauvreaucpa.ca,Human Resources Manager,http://www.linkedin.com/in/sarahehealey,705-745-8390,"Remote in Peterborough, ON",61,Hasib Uddin
https://ca.indeed.com/rc/clk?jk=870f436cc8121cf0&bb=sqW9hB1-VngVRDwfcOZWFHJ87psKU_b0j3ThlzX7oJA5rHtxRCpPxpktGVOHIAOY1FnXr_FnONNeal4fVG_N-hzO1fxnuqG9M6M3pAZakYON3Rn3MgOC-9TDQ2zWb_it&xkcb=SoCM67M335Ze_hwGRZ0ObzkdCdPP&fccid=98d4e764f65c3dc6&cmp=GIGG-EXPRESS-INC&ti=Senior+Accountant&vjs=3,Senior Accountant,Gigg Express Inc,giggexpress.ca,Laura,Lobraico-Richards,laural@giggexpress.ca,Human Resources Manager,http://www.linkedin.com/in/laura-lobraico-richards-6020106b,905-614-0544,"Mississauga, ON",233,Hasib Uddin
https://ca.indeed.com/rc/clk?jk=a046a39668ee83b1&bb=32UPXF37IuIpfDjfiGlQ47uXxheIoA6332bTZe675Dy0zzG3Z3Mfa3aano5FMzF2beNReZROh9ZGIpya2jFq482yL_P8CioDwmrbmFM-F5Z1R5jr6pKqnPapsT6rI_4V&xkcb=SoDq67M335ZEvNy0xZ0ebzkdCdPP&fccid=a07a3ea39affc9b6&cmp=GINCOR-Werx&ti=Senior+Financial+Analyst&vjs=3,Senior Accountant / Financial Analyst,Gincor Werx,gincor.com,Brian,Jagger,brianjagger@gincor.com,"Vice President, Human Resources,",http://www.linkedin.com/in/brian-jagger,705-744-5543,"Newmarket, ON L3Y 7B4",118,Hasib Uddin
https://www.linkedin.com/jobs/view/4120755052,Financial Analyst,Go Lime Inc.,golime.com,Jeff,Schwartz,jeff.schwartz@golime.com,Chief Executive Officer,http://www.linkedin.com/in/jbschwartz,855-227-7234,"North York, Ontario, Canada",84,Hasib Uddin
https://ca.indeed.com/rc/clk?jk=fb65598d68def14e&bb=32UPXF37IuIpfDjfiGlQ42E6gSNYSqM5_MBikwkna247J1eM1d2oP6O7dQ65wTEhyx-ybvfwmfLHMh0Ge152VZ0yGtsx0HWwEkL_gciOSO3YA2m0dghBvFlDUnrN9wLX&xkcb=SoDQ67M335ZEvNy0xZ0YbzkdCdPP&fccid=888fc7ee3f5c6839&cmp=GO-LOGISTICS-INC.&ti=Senior+Financial+Analyst&vjs=3,Senior Financial Analyst,Gointergrated Groups Of Companies,gointegratedgroup.com,Dawne,Redel,dawner@gointegratedgroup.com,"Manager, Human Resources",http://www.linkedin.com/in/dawne-redel-3a247239,905-813-2188,"Oakville, ON L6H 6Y4",13,Hasib Uddin
https://ca.indeed.com/rc/clk?jk=0e926c80621dd136&bb=KuaMsql-Nrc7we0EKKi684NBhba4ZmItRZ9mcDk4BYWtibzl2DhaTEaaE6o7MAfyaIluef1fYAhFLqI8zoJBim2FlJDtsv1VWdQKguYRcMv8Sz_YJRHC6aJpcGoanW0F&xkcb=SoBx67M335ZVENRNW50MbzkdCdPP&fccid=a9d9dfc1f181604c&vjs=3,Cost Accountant,Gowest Gold Ltd,gowestgold.com,Fleming,Huang,flemingh@gowestgold.com,Chief Financial Officer,http://www.linkedin.com/in/fleming-huang-0345b93a,416-363-1210,"Timmins, ON P4N 4Z5",21,Hasib Uddin
https://ca.indeed.com/rc/clk?jk=9c52aed370462435&bb=7E2CWxj1q8y8SXhKv_6lTFmlQgYYU1qerfcQk2ek6zZA-AXvi_hKWVgpHJ5CnkU93dQ3fQAnKNVEnnpeYwNS8udQn78rCCfA_QlipzF1DLNF1PJkY9ZOTUBgBkgbr-S6&xkcb=SoAu67M335ZMbfxSxp0DbzkdCdPP&fccid=bea844d6336aa4e7&vjs=3,Accounting - Project Accountant,Great Gulf,greatgulf.com,Adam,Addorisio,adam.addorisio@greatgulf.com,Vice President of Finance,http://www.linkedin.com/in/adamaddorisio,416-499-8883,"Toronto, ON M5A 2W4",294,Hasib Uddin
https://ca.indeed.com/rc/clk?jk=020ab73a1b50029b&bb=3dsjGy4t3Jbrq9C7I5aXH-Se4eiQMIALyOXXcjM3fOZCArumxB-YNWN_TsldTrCPq6X6obhGtF2eKEAEl-XzYt1RgW_U1Ry1jXByIJ6ybfknG66e7v_1u1E7Hp8OlqRr&xkcb=SoC167M335Za8NykCB0LbzkdCdPP&fccid=537248a11c6aeb11&vjs=3,Admin Accountant,Green Brick Labs,gbl.io,Matt,Rathbun,matt.rathbun@gbl.io,Chief Executive Officer,http://www.linkedin.com/in/mattrathbun,519-489-0181,"Hybrid work in Kitchener, ON N2G 1B9",41,Hasib Uddin
https://ca.indeed.com/rc/clk?jk=2f52926fc3f7a5f7&bb=uTQGuIYxTij-FBIxPZuduk7o1pIrJAlj8IHoj4ne77LGjWYLX7T8GloL9yPgamlUTmsU6xs46_V0u3pUhe1l07pxEeeyhp6wHsQhKQ26n9HmrwEBta5a22lo-LsclkGr&xkcb=SoAn67M335ZUeLy0xZ0JbzkdCdPP&fccid=0a2e69574935b310&cmp=Green-Infrastructure-Partners-Inc.&ti=Project+Accountant&vjs=3,Project Accountant,Green Infrastructure Partners Inc.,gipi.com,Ephraim,Sampson,esampson@gipi.com,Finance Manager,http://www.linkedin.com/in/ephraim-sampson-cpa-cma-a06a197,416-633-9670,"Greater Sudbury, ON",873,Hasib Uddin
https://www.linkedin.com/jobs/view/4105780424,Financial Analyst,Greenshield,greenshield.ca,Gourav,Sathe,gourav.sathe@greenshield.ca,"Director, Finance",http://www.linkedin.com/in/gouravsathe,519-739-1133,"Toronto, Ontario, Canada",1323,Hasib Uddin
https://ca.indeed.com/rc/clk?jk=44c2c66b4cff048d&bb=uTQGuIYxTij-FBIxPZudumiGKGsYb9PMFvRKFOHYtwiaOMRZckZtBEjeJgvZqBZRjFspSkMw-Hcgny3sX-mzXo-upq-IruHXUkllRYHUecWtLCfUhS8EaM-8pp1OGzwW&xkcb=SoB667M335ZUeLy0xZ0HbzkdCdPP&fccid=749b06750ef081e1&vjs=3,Real Estate Accountant (Capital Projects),Gwl Realty Advisors,gwlrealtyadvisors.com,Erin,Duff,erin.duff@gwlra.com,Director of Finance,http://www.linkedin.com/in/erin-duff-cpa-cga-278720217,416-507-2929,"Mississauga, ON L5B 1M2",664,Hasib Uddin
https://ca.indeed.com/rc/clk?jk=f051af3928aacceb&bb=-L2rlNfgZ1_tv7eab2z39UdrkSJKgkln02dueLvFCemNy2a-_0qoDcdwDxT6Z5DqEPDcbs0LrbuTFzxBO7n6q3kIho7LWtmP2tEq4Wv6G180CRDZOrHfiTUevq5mel-j&xkcb=SoAe67M335ZZvwANWb0NbzkdCdPP&fccid=a75e830c44689284&cmp=Gyptech&ti=Corporate+Accountant&vjs=3,Corporate Accountant,Gyptech,gyptech.com,Bart,Halasa,bhalasa@gyptech.ca,Director of Finance,http://www.linkedin.com/in/barthalasa,905-567-2000,"Burlington, ON L7P 5C1",147,Hasib Uddin
https://ca.indeed.com/rc/clk?jk=e0a839eeaf653d9b&bb=TdPSLjtcVhFSkhBSL1QbyYTzMyxA1zImJNSgvxGQT9zlQz8xomAlKXUX2WLhtMlAiCzACCdrydJwer5RfuzoAGlEA6H3uHEqbRlR6tVk7GrFRjl5v4G12iT2N5okslEV&xkcb=SoA_67M335ZCx9ANWb0CbzkdCdPP&fccid=9d51a4d1d32a903e&vjs=3,Financial Analyst,Hamilton Child And Family Supports,hamiltoncfs.ca,Angie,Vanbesien,avanbesien@hamiltoncfs.ca,Director of Finance,https://www.linkedin.com/in/angie-vanbesien-3a47249/,(905) 522-1121,"Hamilton, ON L8E 4H8",98,Hasib Uddin
https://ca.indeed.com/rc/clk?jk=39b65e45c5d65862&bb=LZBFaNDAswBPqiVtrnkVqiuKy-JGSZbRoRlcJ914NT_NE3DZZEh-NWK2LkB7RIcyfyTLyQewCtzdwB_uCnCScRtdalX1mwvsFv_h5jpcACFutMJxRMvNLh3EUg2IMgqJ&xkcb=SoAw67M335Zf0ZS00x0ObzkdCdPP&fccid=586f91084c2cafd0&vjs=3,"Associate, Assistant Controller",Hazelview Investments,hazelview.com,Avinash,Khetpal,akhetpal@hazelview.com,"Manager, Finance",http://www.linkedin.com/in/avinash-khetpal-05338670,888-949-8439,"Hybrid work in Toronto, ON M4T 2Y7",110,Hasib Uddin
https://ca.indeed.com/rc/clk?jk=a358f6850eff9b07&bb=-L2rlNfgZ1_tv7eab2z39Q3luk8kJjcn9xPpJK5wgTBizxinOIDfUsOtLusznCT9hQ4RBo78g1Fsg4SVE9OMRx4_coRCmlRKSp9p-YQ_8TMl9XKLM_978GDRH4Y6LaP6&xkcb=SoBq67M335ZZvwANWb0BbzkdCdPP&fccid=bba1d8ef00841872&cmp=Heidelberg-Foods-Ltd.&ti=Junior+Accountant&vjs=3,Junior Accountant,Heidelberg Foods Ltd.,heidelbergfoods.com,Susan,Voigt,susan.voigt@heidelbergfoods.com,Vice President Finance,http://www.linkedin.com/in/voigtsusan,519-664-3512,"Kitchener-Waterloo, ON",22,Hasib Uddin
https://ca.indeed.com/rc/clk?jk=937fe48ccd77c1d8&bb=duItIG1F-N9Rgjt2G8oqw7HL5u8Oiii8atqUm8sylsQcYcfOS4oLBUU5hwprDa5uFuGtbQBGOgFvlAVzkEYUtXCR6AUYUe0r3-nEW2JV4J715qGXFh9i2BMYG73w2bPX-3Twbm2OXzU%3D&xkcb=SoBn67M335ZBhLSkCB0FbzkdCdPP&fccid=b3176070e406b0a4&cmp=Henderson-Roller-Partnership&ti=Senior+Accountant&vjs=3,Senior Accountant,Henderson Roller Partnership,hrpcpa.ca,Necoliuse,Goze,necoliuse@hrscpa.ca,Controller,http://www.linkedin.com/in/necoliuse-goze-0b10b272,905-849-4161,"Hybrid work in Oakville, ON L6K 1S3",17,Hasib Uddin
https://ca.indeed.com/rc/clk?jk=6d6f21b7ceb5d192&bb=L04DoFzKTLHeDPoyKuOwNT3RzjwqrTS-RC0Xom-focNxe_r8LlVYJWBM10qKG3aTfelkIKRyywh0Q_lZKVOyK0UKVH0csqDT7zTBCPeUCKVuOXmYsbs1IaDKktwti4Nt&xkcb=SoBl67M335ZAVWykCB0ObzkdCdPP&fccid=a23aa90ae3e4fe43&vjs=3,Assistant Controller/Office Manager,Hogan Chevrolet,hoganchev.com,Drew,Foss,dfoss@hoganchev.com,President,http://www.linkedin.com/in/drew-foss-70b70b1b,416-291-5054,"Scarborough, ON M1S 4L9",40,Hasib Uddin
https://ca.indeed.com/rc/clk?jk=437399c9bb39bfe9&bb=1BVo5Et9mbAymFnHcs3FCc-u0-3pSfp7zpbpFGXhN5lmWCN2bOqlmd8mqPudE5Nl5bm_HIxxDmAuJAgRn_1lV07Pl50H5Skciu8NCoAtt_2q-i9W1VnwzTU0Gpaai0nk&xkcb=SoAh67M335ZNpuS0xZ0MbzkdCdPP&fccid=9e5d47b450ae712d&vjs=3,Senior Accountant,"Hogg, Shain & Scheck",hss-ca.com,David,Clarke,dclarke@hss-ca.com,Principal,http://www.linkedin.com/in/david-clarke-cpa-cga-3497351a,416-499-3100,"Toronto, ON",33,Hasib Uddin
https://www.linkedin.com/jobs/view/4125109347,Financial Analyst,Homefield Communities,homefieldcommunities.com,Andrew,Adams,andrew@homefieldcommunities.com,Managing Director,http://www.linkedin.com/in/andrew-adams-68166955,416-632-9300,"Toronto, Ontario, Canada",3,Hasib Uddin
https://ca.indeed.com/rc/clk?jk=052370a4361f8253&bb=p9uCpt-TGtPy5gt6HV5tK7VpaICkwu4SlPmdr7FhoZIoas48a4SCtA89MbX_eepNIN4ryjxAmw8dX1ZbAVRD1TD_3WkI4ROaa8xy3jMCSihfEKoz22Xv9UEQ6YFzEIQBUxJkG4qjg4U%3D&xkcb=SoCp67M335ZOUfQGRZ0CbzkdCdPP&fccid=3b4c304adaf3dd61&vjs=3,Financial Analyst,Hôtel-Dieu Grace Healthcare,hdgh.org,Sheri,McGeen,sheri.mcgeen@hdgh.org,Chief Human Resources Officer,http://www.linkedin.com/in/sheri-mcgeen-656048b6,214-748-3647,"Windsor, ON N9C 3Z4",551,Hasib Uddin
https://ca.indeed.com/rc/clk?jk=aae3bbf2708baad3&bb=hwNeH9Hwfjf80Np3vPCJxjQh7spquM3Qwcno-HM9xtjIEvK_K3pi7qyMg9PxLdh4qNMMzeRs-8oCNhxpNPQsZBYDW_kZ0CxVoZS3H5PjltYE0srYAbZh5sCGRFk43Lcp&xkcb=SoDf67M335ZW6ETS5x0DbzkdCdPP&fccid=b5c5ae115022f462&vjs=3,Intermediate Accountant,Hts Engineering - Heat Transfer Solutions,hts.com,Sarah,Batool,sarah.batool@hts.com,HR Manager,http://www.linkedin.com/in/sarah-batool-29487929,416-661-3400,"Toronto, ON M3N 1W7",725,Hasib Uddin
https://www.linkedin.com/jobs/view/3741119316,Senior Financial Analyst,Iko North America,iko.com,Arthi,Chrp,arthi.rangabashyam@iko.com,Regional Human Resources Manager,http://www.linkedin.com/in/arthi-rangabashyam-chrp-3b16338,888-766-2468,"Toronto, Ontario, Canada",1279,Hasib Uddin
https://www.linkedin.com/jobs/view/4124171195,Senior Financial Analyst,Ilobby® Facility & Visitor Management,ilobby.com,Michael,Nicolaou,michael.n@ilobby.com,Senior Director of Finance,http://www.linkedin.com/in/michael-nicolaou-cpa-ca,855-545-6229,"North York, Ontario, Canada",124,Hasib Uddin
https://www.linkedin.com/jobs/view/3956314161,"Senior Financial Analyst, Corporate Accounting",Imax,imax.com,Rahul,Obhrai,robhrai@imax.com,"Manager, Finance",http://www.linkedin.com/in/rahul-obhrai-b6a00097,905-403-6500,"Mississauga, Ontario, Canada",1356,Hasib Uddin
https://www.linkedin.com/jobs/view/4124170509,Financial Analyst,Imgadgets™,imgadgets.com,Ish,Chopra,ish.chopra@imgadgets.com,President,http://www.linkedin.com/in/ishchopra,647-997-4976,"Mississauga, Ontario, Canada",15,Hasib Uddin
https://ca.indeed.com/rc/clk?jk=fcf34726d3d78870&bb=hwNeH9Hwfjf80Np3vPCJxj_gdauc7imhRVqGmEy3OeXVSD_TIH_BWlj6ZjEkGPS6GvHF8y_nHpx1JG50iSOtOqgXJYyVh27J4OegdyCz7QSLNkqYFJWKsrtCmr3DOml73FGNU_iw-Kc%3D&xkcb=SoC467M335ZW6ETS5x0LbzkdCdPP&fccid=60d4660eb4e662f7&cmp=Industrial-and-Commercial-Bank-of-China-%28Canada%29&ti=Financial+Analyst&vjs=3,"Financial Analyst, Financial Control Department",Industrial And Commercial Bank Of China (Canada),icbk.ca,Mingming,Su,mingming.su@icbk.ca,Head of Human Resources,http://www.linkedin.com/in/mingming-su-09b852308,905-882-8182,"Toronto, ON",112,Hasib Uddin
https://ca.indeed.com/rc/clk?jk=2343d94be456037a&bb=LZBFaNDAswBPqiVtrnkVqtcMV5emaj884uFhQBgIgCL0U-GvqENlol1EM6njAgSQiZcUeH7rskm2qmBFyYW-9TvleNyH5Ry2DhY1nNtUjtyYAAwQZl7g8PZYvRoGbYjl&xkcb=SoBt67M335Zf0ZS00x0AbzkdCdPP&fccid=328e4898f157f2ea&vjs=3,Financial Analyst,Innpower,innpower.ca,Lisa,McCaskie,lisam@innpower.ca,Finance Manager,http://www.linkedin.com/in/lisa-mccaskie-a342b543,705-431-4321,"Hybrid work in Innisfil, ON",34,Hasib Uddin
https://ca.indeed.com/rc/clk?jk=a3de204d40696b74&bb=yicuRoULbGQ18KTEB4BKWhrf8kPaibLldWGfhh6B1IeHHOexrn0p4UtPW5WO6mihiYB_B1FPktVWo8Vj98Eg2ed9udJQdTbNBaVrUnffD-ohuPVWfe8-Q7ECe6Doq-jd&xkcb=SoA-67M335ZcbzwGRZ0AbzkdCdPP&fccid=a264a73ad7778802&cmp=INTEGRAL-SEAL-MFG-INC&ti=Accountant&vjs=3,Accountant,Integral Seal Mfg Inc,integralseal.com,Yaniv,Tal,yaniv@integralseal.com,General Manager,http://www.linkedin.com/in/yaniv-tal-2733b0190,905-669-7611,"Concord, ON L4K 2T3",10,Hasib Uddin
https://ca.indeed.com/rc/clk?jk=fc0eb9bd2ad3c714&bb=D4baL1Ucnp44tWjL7FpCyUsR5hIYH6ZJsFRKOhH5fqP0Jp1gDwN2brJcrt4UyarxDSvkZtvMQDsbrsaqCkaNO6GOUxrKJrAUQI4f5i3podKgS_nMynpRwNCcd1NEx3au&xkcb=SoDx67M335ZXp1S0xZ0BbzkdCdPP&fccid=671f439ffef5b853&vjs=3,Project Accountant,Inter-Co & Canadian Washroom Products,inter-co.com,Heather,Gibson,hgibson@inter-co.com,Human Resources Manager,http://www.linkedin.com/in/gibsonheather,604-278-7888,"Remote in North York, ON M9M 2Z8",79,Hasib Uddin
https://ca.indeed.com/rc/clk?jk=0e7fd2a6114e6132&bb=1BVo5Et9mbAymFnHcs3FCVn07cjfmHecCKM8lRAr993uQ9-ixwBf81vi7RuQcshnT5E24PeelAb0s-gRssUN3FURECcrVl-yfRE2g895zq2T-6sL2fo3WQ%3D%3D&xkcb=SoDy67M335ZNpuS0xZ0FbzkdCdPP&fccid=aa408b89d1304abd&vjs=3,junior financial analyst,Investbuild Inc.,investbuild.ca,Chang,Liu,chang@investbuild.ca,Controller,http://www.linkedin.com/in/chang-liu-720870107,905-581-0287,"Concord, ON L4K 4L6",2,Hasib Uddin
https://ca.indeed.com/rc/clk?jk=80ef8e87f93b8a38&bb=PpcaEL72cAtfHgxQIJ8bIuQejgvj4sV7z12COXWiHQd8kg5wIkUly-OgXgqGqXZDe_koFrl1-DrdcQBoU0hpg5SL4yJgux_n_9AajUATarJhLgY_XfICf9vqmuk_uXVH&xkcb=SoDa67M335ZeG3RNW50GbzkdCdPP&fccid=a3781cbe1a970c3a&cmp=ITN-Food-Corporation&ti=Accountant&vjs=3,Accountant (Receivable),Itn Food Corporation,itnfoodcorp.com,Mohammed,Ansari,mza@itnfoodcorp.com,President & Chairman,https://www.linkedin.com/in/mohammed-ansari-67a57135/,888-486-9786,"Woodbridge, ON",70,Hasib Uddin
https://www.linkedin.com/jobs/view/4128149052,"Senior Accountant, Financial Controls",Ivari Canada,ivari.ca,Jason,Chung,jason.chung@ivari.ca,"VP, Finance",http://www.linkedin.com/in/jason-chung-cpa-ca-364b2221,416-883-5000,"Toronto, Ontario, Canada",351,Hasib Uddin
https://ca.indeed.com/rc/clk?jk=7c78d586535028b2&bb=l0vUwaUff-Pf_zMvqlkI591SLSE-CtjLxkpGho1ft_NphWMrqopYbiSmMS9XUYP2esqv51YwFARHfmoNd7lcySDLyARxsVsrvWgmXClBWR6j1tG86NmOXQ%3D%3D&xkcb=SoDs67M335ZHwKRNW50IbzkdCdPP&fccid=08a8841cba2c323f&vjs=3,accountant,"James W. Cupido C.P.A., C.A.",jameswcupido.ca,James,Cupido,james@jameswcupido.ca,Owner,https://www.linkedin.com/in/james-cupido-300b5231/,905-788-3388,"Welland, ON L3B 4A3",,Hasib Uddin
https://ca.indeed.com/rc/clk?jk=875348ff7f2ba00b&bb=I988qV83X8vicT6BZGerHro8lgESP0kq9qKCQ6PjUJkVaD_Wt6PPdmu8S8Ep-GC_RgPMNC6bwAn8-HuunIsYm2_rUdw0nuaKhUzGPPdGLswNrro7aYlm1roTG6NNCwR3&xkcb=SoDC67M335ZOY0RON50ObzkdCdPP&fccid=9b1e6878f8443a7c&vjs=3,Financial Analyst - Temporary Full Time (18 Month Contract),Jarlette,jarlette.com,Courtney,McDonald,cdunlop-mcdonald@jarlette.com,Director of Human Resources,http://www.linkedin.com/in/courtney-dunlop-mcdonald-01986432b,705-526-4238,"Midland, ON",389,Hasib Uddin
https://www.linkedin.com/jobs/view/4100913023,Financial Analyst,Jonas Software,jonassoftware.com,Michele,Fok,michele.fok@jonassoftware.com,Director of Finance,http://www.linkedin.com/in/michele-fok-cpa-ca-6677a999,888-789-9073,"Greater Toronto Area, Canada",1501,Hasib Uddin
https://ca.indeed.com/rc/clk?jk=49690011602429cd&bb=MgLzUHc6YcAasM5cRvOfRuvjkptQnh-LC21Vo5Jme-WUQcp7csTxh8DGXb9SO1wUOxtqPohb6qeq688rGEPNZqc9cXSAO98P5rp7SI4nKIqVWdZWjt2K80D8NmlZE_mb&xkcb=SoBd67M335ZBI6QGRZ0FbzkdCdPP&fccid=c3e57d655629e6c1&cmp=Navacord&ti=Financial+Analyst&vjs=3,Financial Analyst,Jones Deslauriers Insurance Management Inc,jdimi.com,Usman,Arif,usmana@jdimi.com,"Director, Finance",http://www.linkedin.com/in/uarif,416-259-4625,"Hybrid work in Mississauga, ON L4W 4Y6",336,Hasib Uddin
https://www.linkedin.com/jobs/view/4053502472,Senior Accountant,K.K. Cpa - Chartered Professional Accountant,kkcpa.ca,Kamal,Khera,kamal@kkcpa.ca,President,http://www.linkedin.com/in/kamal-khera-mba-cpa-cma-b820999a,905-667-1727,"Hamilton, Ontario, Canada",10,Hasib Uddin
https://ca.indeed.com/rc/clk?jk=ee6a3557bf264730&bb=sqW9hB1-VngVRDwfcOZWFF9rv4Nx142jAJRgQPejQhRyQN7Z3tT-d-5UXZQBj9tsZgpMaysispxlo09tZveeMFv0FkKsMGZc0rACIp47v3LR0Hv-61q0uACSXotKQfJb&xkcb=SoAr67M335Ze_hwGRZ0LbzkdCdPP&fccid=ff03c0cbd06d10e8&cmp=Ketler-Farms-Inc.&ti=General+Accountant&vjs=3,General Accountant,Ketler Farms Inc.,ketlerfarms.ca,Caitlyne,Henkel,caitlyne@ketlerfarms.ca,General Manager,http://www.linkedin.com/in/caitlyne-henkel-638a988a,226-286-5050,"Staples, ON",15,Hasib Uddin
https://ca.indeed.com/rc/clk?jk=433bd145e7e4bb12&bb=oSRkvfI0J7cX1Q0gXS9dCDNJTZUgIsx47mm6TuLfJQadMIZYkblliGHHgAC-2xS9wd5MiBkQUvYekvl2jNWmKorg9yHtb0E6rgPAJKKBUa2JIGMfMOBeog%3D%3D&xkcb=SoDo67M335ZNwZRSxp0GbzkdCdPP&fccid=b469a78c4bb6200c&vjs=3,Financial Analyst,Kinectrics,kinectrics.com,Violette,Henein,violette.henein@kinectrics.com,Controller/ Director of Finance,http://www.linkedin.com/in/violette-henein-mba-8a331a12,416-207-6000,"Toronto, ON",1172,Hasib Uddin
https://ca.indeed.com/rc/clk?jk=d35a40073272a631&bb=kQj9U9SILFM3h63dfaMffG8R-2A7rJAj1D8uG9RPkDB0mdi1chP5Ij9mpqb90rEZvj5V_VxGoP399CMQap5nXhicWE47fuVBIBPpcarMOrhuF38AmHU0aw%3D%3D&xkcb=SoBQ67M335ZI2PSsZR0ZbzkdCdPP&fccid=fe2df29a0a9bb9b7&vjs=3,accountant,Kingsett Capital,kingsettcapital.com,Gigi,Kao,gkao@kingsettcapital.com,Vice President Finance,http://www.linkedin.com/in/gigi-kao-cpa-ca-cfa-3912862,416-687-6700,"Toronto, ON",169,Hasib Uddin
https://ca.indeed.com/rc/clk?jk=ce030e215321c3f4&bb=v3o3YiGmLpZcr91lLn0JhXu39_Poqke-OTqDIz2aaRIh5XizT7750QsGvst0GTQ5686X7KvUHBhy93URI_IM7gIuIalCXi51Fl5gopCNn6h-4oaySmkr1HRChJaTy-uWCTygpg_HyQA%3D&xkcb=SoB567M335ZY26y00x0MbzkdCdPP&fccid=2e1c63db8818bc6a&vjs=3,Junior Accountant,Kingsley Management Inc,kingsleyca.com,Jason,Simon,jsimon@kingsleyca.com,"Senior Vice President, Finance",http://www.linkedin.com/in/jason-simon-8086949,519-576-8278,"Kitchener, ON",21,Hasib Uddin
https://ca.indeed.com/rc/clk?jk=ebf81c7108175146&bb=D4baL1Ucnp44tWjL7FpCyblqaIvVNQuw7jto1ky88DRHMD20ukjOu1vqXKMuO-9Hast-DzCRMaZrim_lufwd1ATpyuxoqWdYkHBxJKxM0LM6Of_WDfCwotkIPMfDn_qE5AaLt-v-mV8%3D&xkcb=SoAi67M335ZXp1S0xZ0IbzkdCdPP&fccid=d3eba8133098893a&cmp=Kipling-Residential-Management-Inc.&ti=Property+Accountant&vjs=3,Property Accountant,Kipling Group Inc,kiplinggroupinc.com,Sofie,Francisco,sfrancisco@kiplingrealty.com,"Director, Human Resources",http://www.linkedin.com/in/sofie-francisco-b4454b117,(416) 979-2230,"Toronto, ON",80,Arif Hasan
https://ca.indeed.com/rc/clk?jk=25a061793bddba1d&bb=11qc5eiy38gHX9r4EBMeY-831YRd7WCQyN_iVFDvTgAbeRRaxKPSZwKTx3BnZVBShmnjriEtyk0S3bkK_h6QCKMP0-O76VZ7pVsmS-oAw7UHPnelBb5CfflohtTCkgvr&xkcb=SoCm67M335ZffDRSxp0FbzkdCdPP&fccid=acf3befed715f138&vjs=3,Senior Accountant,Kitchen Hub,kitchenhub.com,Daisy,Liu,daisy@kitchenhub.com,Finance Director,http://www.linkedin.com/in/daisyliuacca,(416) 551-4500,"Toronto, ON M6H 2W3",77,Arif Hasan
https://ca.indeed.com/rc/clk?jk=ac927c4c300c21d9&bb=qc-0qQJgc-vCJ1rlbO4sJjtiBM2UYuRpI8KPsrky3Nn-BaQfVOayn2ICZyoi3ClA22pYdJ7jazxtkHLmsc4LhHJidyx8IV1IG78OzhSM6gHBGtTjCiW-gFLiRm7dqskS&xkcb=SoAo67M335ZThOSkCB0ObzkdCdPP&fccid=388e2bb633d711ad&cmp=KLCA-Chartered-Accountants&ti=Staff+Accountant&vjs=3,Staff Accountant (CPA Student),Klca Cpa,klca.com,Kenneth,Lee,klee@klca.com,Owner,https://www.linkedin.com/in/kenneth-lee-831b1117/?originalSubdomain=ca,(905) 820-8292,"Oakville, ON",17,Arif Hasan
https://ca.indeed.com/rc/clk?jk=91ab2a26c52abfd4&bb=SDvIRSmFVmFp0WimAhe8igEkwK2WUxkCpDPSi5jBPCMjPOIUcLGr--u3UQ8OkQ0Lcuf7fW0XZpqhh-fryH8JoBUBBzBK_9-WJZBf0tQL9_jhF4sjw8UYSk_xXW3UaD0H&xkcb=SoD767M335ZG7-y0xZ0CbzkdCdPP&fccid=a4d55b529bc76a26&vjs=3,Project Accountant,Lea Group,lea.ca,Terry,Wallace,twallace@lea.ca,President,https://www.linkedin.com/in/terry-wallace-9929107?originalSubdomain=ca,(905) 470-0015,"Hybrid work in Markham, ON",385,Arif Hasan
https://ca.indeed.com/rc/clk?jk=188beead2cff564f&bb=oSRkvfI0J7cX1Q0gXS9dCJgCgNCvv_UZMx6Ds9M0t3drSiQcRxhF99SVdr5dPTVMBjavz-DgwjdixF1fbvUzLWJc_J_CFdyJBsFEvwgbwSzsIiK3idamhQ%3D%3D&xkcb=SoCm67M335ZNwZRSxp0MbzkdCdPP&fccid=6ff2bf22eac05756&vjs=3,financial analyst,Lebanc Development Inc.,lebancdevelopment.com,Adam,Liu,adam@lebancdevelopment.com,Chief Executive Officer,http://www.linkedin.com/in/adam-liu-7313a982,416-440-0345,"Markham, ON L3R 5K3",9,Arif Hasan
https://ca.indeed.com/rc/clk?jk=e1bab858de1a2975&bb=neVDvZaS6wxpAIPNLAqG_rXbLftOVUpzXHv_o74s1j1Kq4mvGwgvMOUvFkin8HCJHUhbRfrSjBVtit3UuySdvCzkSOQhGFC3NQyBnWD1797uG3sX6B5oNT8aUN9nk44O&xkcb=SoAd67M335ZMgmgNWb0DbzkdCdPP&fccid=748203bc565257ec&vjs=3,Senior Accountant,Lee Valley Tools,leevalley.com,Alison,Rae,arae@leevalley.com,"Manager, Human Resources",https://www.linkedin.com/in/alisonrae/,800-267-8767,"Ottawa, ON K2H 1C2",430,Arif Hasan
https://ca.indeed.com/rc/clk?jk=76b987fe71852196&bb=_eglFx-d15OE3yHpEhOzhGcdmyszHWY7LZeYOPjEwstGTlR3dkpljyB7wqyFiHa_1-CIHEUDNjkZhuToU9pr_sQ3VMW1zL7K02Ny2avcRRv_LoKg6Ei44FeNsQsIskUA&xkcb=SoAy67M335ZDX_SkCB0BbzkdCdPP&fccid=0d0455ed75d7a151&vjs=3,Assistant Controller,Level Access,levelaccess.com,Spiro,Papathanasakis,spiro@essentialaccessibility.com,Co-Founder,http://www.linkedin.com/in/spiro-papathanasakis-4244437,800-889-9659,"Remote in Toronto, ON",430,Arif Hasan
https://ca.indeed.com/rc/clk?jk=8058c9de2eeccf40&bb=11qc5eiy38gHX9r4EBMeY1OLuF-6f5d8z2c1W6-aNFIsxJU1zCU_54BWHJ5-S1lET-DlvnK9WeRlpx9CxPes_XGhE4SZQ0mHGF-OPMGapIKLrzmxbhBShURqA77KZjg2&xkcb=SoAc67M335ZffDRSxp0ZbzkdCdPP&fccid=59646581bd12f490&cmp=LevoMed-%28Canada%29-Inc.&ti=Senior+Accountant&vjs=3,Senior Accountant,Levomed (Canada) Inc.,levomedcanada.ca,Galya,Petrakieva,galyap@levomedcanada.ca,Finance Manager,http://www.linkedin.com/in/galya-petrakieva-90539013,905-593-1609,"Oakville, ON",4,Arif Hasan
https://ca.indeed.com/rc/clk?jk=054df1fa4bd1e72f&bb=AcvRv4P4dNlYwU-iPUilLakXFuEu6vbhFv7Bh9FxOVceFUtpiQWjJ-fE-hvZqraGFr97ryTJyzT6jMouEx56KDnOQXxyYWFXpXtjX1kAKJ1X0zBeZkTyymEFKinuGOCr&xkcb=SoBg67M335ZWK8TS5x0ObzkdCdPP&fccid=509f5153c4d05a03&cmp=Libratel-inc&ti=Accountant&vjs=3,Accountant (Part-time),Libratel,libratel.com,Peter,Pejouyan,peter@libratel.com,President,http://www.linkedin.com/in/peter-pejouyan-1ab89241,416-615-0700,"Scarborough, ON",26,Arif Hasan
https://ca.indeed.com/rc/clk?jk=5f43ef30f7a023d9&bb=HUQBnIcz8iTrH0XqMioCfqCVrUCWuzHbgd1syCqlOK9woUuyIdivIFi35ZX8EO0hcwY2EksYlhPHy1bcaP3zdJhkOoby9Gj-EDaNO9iMqjFc4InuooI3OsuW9TZ12Di0&xkcb=SoDM67M335ZOMGwGRZ0GbzkdCdPP&fccid=c60c0abd1500b417&vjs=3,Financial Analyst,Loft Community Services,loftcs.org,Rosa,Galluzzo,rgalluzzo@loftcs.org,Senior Director of Finance,http://www.linkedin.com/in/rosa-galluzzo-7b18a385,(416) 979-1994,"Toronto, ON M5C 2E3",430,Hasib Uddin
https://ca.indeed.com/rc/clk?jk=c9c356a34b50df6c&bb=sr2XeCVtupDMrl_C3GB1EnksShemrGrHgmdv9dlBg5l1B2jzSMj9IHlFzM7ZqdqYa0Rgjq4OJrXNkJbnCe7Ojd5bpKS7HDygDEPZ4ph_f1k7szX_-FPrNNOMMXSHEKmy&xkcb=SoCP67M335ZdICSkCB0ObzkdCdPP&fccid=5ecebe7c7e02240b&cmp=Lucid-Corp.&ti=Accountant&vjs=3,AP Accountant,Lucid Corp.,lucidcorp.com,Greg,Diduszko,greg@lucidcorp.com,HR Manager,http://www.linkedin.com/in/greg-diduszko-39872236,(416) 742-8888,"Brampton, ON",72,Arif Hasan
https://www.linkedin.com/jobs/view/4122398543,"Senior Financial Analyst, Fund Taxation",Mackenzie Investments,mackenzieinvestments.com,Leonardo,Tavani,leonardo.tavani@mackenzieinvestments.com,"Director, Finance",http://www.linkedin.com/in/leonardo-calenda-di-tavani-17a44a3,888-840-9990,"Greater Toronto Area, Canada",1397,Hasib Uddin
https://ca.indeed.com/rc/clk?jk=40019dbc7958632a&bb=11qc5eiy38gHX9r4EBMeY4hgGbigPcjg-S6q7xQZ9jIF5No-EIdIIFrjw6AYSFON_yhgZyekR5qJc2jdypQu7NwYnmjkIbOqX0TSflzPITHJTwW_5n6j3VQABK51UrNv&xkcb=SoCP67M335ZffDRSxp0HbzkdCdPP&fccid=76500bd207de996c&vjs=3,Assistant Accountant,Marcatus Qed,marcatusqed.com,Murali,Sundar,murali@marcatusqed.com,Chief Executive Officer,https://www.linkedin.com/in/murali-sundar-94b628196/,416 255 0099,"Toronto, ON",64,Arif Hasan
https://www.linkedin.com/jobs/view/4109040097,"Accounting Analyst, 12-month Contract",Mark Anthony Group,markanthony.com,Susan,McGrath,smcgrath@markanthony.com,Vice President Finance,http://www.linkedin.com/in/susan-mcgrath-cpa-cma-9179b041,604-263-9994,"Toronto, Ontario, Canada",1123,Hasib Uddin
https://ca.indeed.com/rc/clk?jk=f962281c77026855&bb=Mu9aW7FQ2Y7JsS4LTP-N0LVqr3IKBIZAx3rdYog2OCWtgwwPI1ZTdFT6MKIKlgIpHW7pRNEaQDjV1FnIO0eQVzV_YORlHbQpydxnri43f3KA50T9oPp76gxCZqky5hEQ&xkcb=SoCJ67M335ZLFKS00x0BbzkdCdPP&fccid=240dedd55c18a96f&vjs=3,Junior / General Accountant,Matheson Constructors,mathesonconstructors.com,Michelle,Fortunato,mfortunato@mathesonconstructors.com,Vice President Human Resources,http://www.linkedin.com/in/michellepfortunato,(905) 669-7999,"Aurora, ON",130,Arif Hasan
https://www.linkedin.com/jobs/view/4070059274,Senior Financial Analyst,Max Insurance,maxinsurance.ca,Michael,Sauro,msauro@maxinsurance.ca,Chief Financial Officer,http://www.linkedin.com/in/michael-sauro-cpa-ca-cpa-washington-97058044,(877) 971-6300,"Kitchener, Ontario, Canada",59,Hasib Uddin
https://ca.indeed.com/rc/clk?jk=6387047f77a8478d&bb=U-6Vm9jtdzqm-vFjBFme-jEYLHjkeJx-U-Yk_thVHrn2aVanFOjbnNs3b7lEeJKkeOoibTR52u3fRRx2nQtvEhjeFHDWDohbWlrDjzBMfHZdOphMY8Gim7BO4Ldi5bmr&xkcb=SoAu67M335ZYZyxON50BbzkdCdPP&fccid=3d2598d11da692e1&vjs=3,Sr. Staff Accountant #2021-02,Mccay Duff Llp,mccayduff.com,Krista,Mason,kmason@mccayduff.com,Human Resources Manager,http://www.linkedin.com/in/krista-mason-80819028,613-236-2367,"Ottawa, ON K1P 5J3",60,Arif Hasan
https://ca.indeed.com/rc/clk?jk=f3a7b399fdae013a&bb=MgLzUHc6YcAasM5cRvOfRhCIR1RYbYojstdM09Fb_2FG557vlpk_jUOkMZY5U2Ak_AvjdnsG1KLe0guokCKQZkTp4g_wLymUrFRT9imSPEwEgfo0Skg1xplkbv52EUl4&xkcb=SoAp67M335ZBI6QGRZ0JbzkdCdPP&fccid=c7dc0115ab41a62d&vjs=3,Senior Accountant,Mckeil Marine Limited,mckeil.com,Melissa,Steen,msteen@mckeil.com,"Director, Human Resources",http://www.linkedin.com/in/melissasteenmckeilmarine,800-454-4780,"Burlington, ON L7L 5Z4",250,Arif Hasan
https://ca.indeed.com/rc/clk?jk=dc7633945822e82e&bb=HIjDI5jsh1-_mkxySLtCfCSU2Z4wL5qy4YG1hJAYenaOG4IihS6gu_39B0Y0U2_L8Z2auqeeypoYJRnVdXxUTmKVB5R0zFnVMJwEjk2cOhQQpJAFHlj8DX6SCwNMcZKd&xkcb=SoBm67M335ZCQcRON50LbzkdCdPP&fccid=be1e5a79542ef167&cmp=www.mediaresources.com&ti=Senior+Financial+Analyst&vjs=3,Senior Financial Analyst,Media Resources Inc,mediaresources.com,Kyle,Porter,kporter@mediaresources.com,Director Finance & Controller,http://www.linkedin.com/in/kyle-porter-cpa-mmpa-931505ba,(844) 990-2410,"Oakville, ON",180,Hasib Uddin
https://ca.indeed.com/rc/clk?jk=284c9c1455a6282e&bb=RPH-THkJGN4SIir8W48xdFp2zwCVlEJ0i5lP_oKUIfRZJu7BhJe6GY1qmiH81LOnf9trbUaUcT4G1vGip2DjD0g19SUVqtsJfZ0oIc-mcMVzyHnVa79JZy6KhXwOiApI&xkcb=SoDL67M335ZLqrykCB0HbzkdCdPP&fccid=b8786af21984a615&vjs=3,Senior Staff Accountant - Audit,Melo Llp,melollp.com,Renee,Bruce,rplaunt@melollp.com,"Senior Manager, People & Culture",http://www.linkedin.com/in/renee-plaunt,519 329 5900,"Windsor, ON",105,Hasib Uddin
https://ca.indeed.com/rc/clk?jk=8cd88fb47fe73d6c&bb=3dsjGy4t3Jbrq9C7I5aXH7X-5xW4wb7iS0S8DlTEsBGpVQ3cXlaivZ6oYjk73Bn8-kze2vKWKSB6JrMY__lPLfZc6F_5OPlsNj4no0uQeduPWdU00E4WZAQSKr9RvwYr&xkcb=SoBP67M335Za8NykCB0AbzkdCdPP&fccid=b7d06770035e3d45&vjs=3,Accountant,Metro Compactor Service,metrocompactor.com,Lucenia,Paiva,lpaiva@metrocompactor.com,Human Resources Manager,http://www.linkedin.com/in/lucenia-paiva-chrp-a311a245,416-743-8484,"Brampton, ON L6W 3K1",90,Arif Hasan
https://ca.indeed.com/rc/clk?jk=cc5fe41d81b884d8&bb=_104L0S2yJNr32PDENlvPYvlOpYqVIMcIxzt1wIl45dWyJ_V8-IzOfAgdnK-x94x603ReJpbfEpesoj2Xv6hTdPOaC0lvjd8PKgMk__2T32ntZMp69Yl4xa-tHJzk3vQ&xkcb=SoDL67M335Zdh3xON50HbzkdCdPP&fccid=e2e2f175a997a477&cmp=Mikhaiel-Logistics&ti=Financial+Controller&vjs=3,Accountant/ Financial Controller,Mikhaiel Logistics,mikhaiellogistics.com,Sar,Mikhaiel,sarmikhaiel@mikhaiellogistics.com,Chief Executive Officer,https://www.linkedin.com/in/sar-mikhaiel-9411bb1b4/,877 788 5134,"Oakville, ON L6H 7G4",,Arif Hasan
https://www.linkedin.com/jobs/view/4105598579,Senior Financial Analyst,Mohawk Medbuy Corporation,mohawkmedbuy.ca,Tracey,McManus,tracey.mcmanus@plexxus.ca,"Director, Human Resources",http://www.linkedin.com/in/tracey-mcmanus-b0858a5,289-337-5000,"Ontario, Canada",502,Hasib Uddin
https://ca.indeed.com/rc/clk?jk=1c654d06a187edfb&bb=kQj9U9SILFM3h63dfaMffB3OQKoCkuLDt-NtjOpgCHT8pOE6i55koplprUQO_gRtl87JAfk-YWC-RBKVnZN09eXw7iPDOsJlgel7WS3nD9r7GCKTR-fL-qQTxLdKqsVk&xkcb=SoB567M335ZI2PSsZR0bbzkdCdPP&fccid=3f5351ed685af814&vjs=3,New Graduates - Property Accountant Intern,Morguard,morguard.com,Nick,Moschella,nmoschella@morguard.com,"Vice President, Finance",http://www.linkedin.com/in/nick-moschella-cpa-ca-0b41a351,905-281-3800,"Mississauga, ON",1100,Hasib Uddin
https://ca.indeed.com/rc/clk?jk=fbe671c12844e755&bb=2bnIukK4uujiVuzDcIHvN70JTd3GokzXqY6V0SfFkAVcAVTGXU2suWPoLqX99o55IAhrH7U3MHRs-lZQl_2qAjqOLTenQl-2XJ3a67ICW-tT9cUJRWeP1hCqwshlbs6i&xkcb=SoCz67M335YwrXTS5x0HbzkdCdPP&fccid=40645201885a3398&vjs=3,Financial Analyst (Financial Planning & Analysis),Movati Athletic (Group) Inc,movatiathletic.com,Julie,Loi,jloi@movatiathletic.com,Director of Finance,http://www.linkedin.com/in/julie-loi-cpa-cma-a5bb264a,(289) 475-0118,"Hybrid work in Toronto, ON M9C 4Z4",820,Arif Hasan
https://ca.indeed.com/rc/clk?jk=daee934fc0110f2f&bb=L04DoFzKTLHeDPoyKuOwNSXUrxGLj_FigI85fc0SRBVvnl329dHEQ8P4FVxlG6ILo8kIzBOh8iIhdCC5moNwS6kG1kGWceEYjKTCrDx5RbhyPEua5_iJhsVSufRBW5xa&xkcb=SoDR67M335ZAVWykCB0PbzkdCdPP&fccid=e0964c1400b72b35&vjs=3,Accounting Analyst,Mpac Group,mpac-group.com,Carol,C.,carol.c@mpac-group.com,Human Resources Manager,http://www.linkedin.com/in/carol-c-6a24721a3,905 670 7200,"Mississauga, ON L5N 2B8",430,Arif Hasan
https://ca.indeed.com/rc/clk?jk=147e9be6743311cb&bb=_eglFx-d15OE3yHpEhOzhDRHANJfm0MQp2JgFrK9RAi_Xv6wsKVQe91S0iEjzIsS8kBXl5QiDOWeB4zSS6p2hlsVt4hY6wmbZbR2dgFDyzuhjqLi_DYtyIi3ObJCIANd&xkcb=SoDy67M335ZDX_SkCB0MbzkdCdPP&fccid=d71033ae487229fe&vjs=3,Financial Analyst,Nature Fresh Farms Inc,naturefreshfarms.com,Candus,Pelletier,candus@naturefresh.ca,Human Resources Manager,http://www.linkedin.com/in/candus-pelletier-65a44121a,519-326-8603,"Leamington, ON N8H 5C5",320,Arif Hasan
https://ca.indeed.com/rc/clk?jk=783fe638ddda1a84&bb=sqW9hB1-VngVRDwfcOZWFG3yCA1DzFpoPMJGy_KvDNyNaMJaWYuVL3B67yZMEo-CFGlDnOl4df1bBbEONIIqWZp5gPRVZuFrGh2w1vyP3z_sW1g7t2vxAbBiHRM6lMzK&xkcb=SoD467M335Ze_hwGRZ0CbzkdCdPP&fccid=c3e57d655629e6c1&cmp=Navacord&ti=Financial+Analyst&vjs=3,Financial Analyst- Navacord,Navacord,navacord.com,Blake,Vecchiato,bvecchiato@navacord.com,Director of Finance,http://www.linkedin.com/in/blake-vecchiato-cpa-ca-9678345a,(416) 366-5243,"Hybrid work in Toronto, ON",110,Arif Hasan
https://ca.indeed.com/rc/clk?jk=0cf85d46ba51a9ae&bb=8RkN7rUjIJg3thOjgsXz8UYpf1DoWzK9dp5ISOHGp0jwmynlvhmUMu0sNl1nt3QqnhyruvAFFikcxf0CGfBS7-r2qraoompVC2kanKdPziOYw78M_raw9NkDtm2N3mqY&xkcb=SoCd67M335ZbVDRNW50AbzkdCdPP&fccid=6d3b2ad346d4cd0e&vjs=3,Staff Accountant,Naylor Building Partnerships,naylorbp.com,Tom,Hitchman,thitchman@naylorbp.com,Founder,http://www.linkedin.com/in/tom-hitchman-4088b31bb,905 338 8000,"Oakville, ON L6H 1A5",160,Arif Hasan
https://ca.indeed.com/rc/clk?jk=5257cfa75f083d46&bb=TdPSLjtcVhFSkhBSL1QbySsr4ZvIXDULsAiy-xOCZNjiolSpqW6tZeCO-ZjEcmP_BJn5iDIfuniSHyG8EpJlyRC_Iy9GV7Vs6YGglM0-A4Ffr3vfGUb1BowkSOMHEvuc&xkcb=SoAW67M335ZCx9ANWb0AbzkdCdPP&fccid=79437416a974a93d&vjs=3,Financial Analyst,Neighbourly Pharmacy,neighbourlypharmacy.ca,Omar,Rahman,orahman@nbly.ca,Director of Finance,http://www.linkedin.com/in/orahman,(416) 706 1224,"Remote in Toronto, ON",430,Arif Hasan
https://ca.indeed.com/rc/clk?jk=e9626e21aee85b46&bb=1BVo5Et9mbAymFnHcs3FCWShYS2T0oRsfsqBPSgDv3yXArK_JRtwIcvRig5VBUteVQpJ-CRSH9CT3efD9IoOLhhKtey7rWbikT9fzmaQU4SmO0jZ0tolfQ%3D%3D&xkcb=SoBv67M335ZNpuS0xZ0GbzkdCdPP&fccid=845c607eb20c68c7&vjs=3,financial analyst,New Age Granite And Marble Ltd.,newagegranite.com,Domenic,Fiorenza,domenic@newagegranite.com,Head Of Finance,http://www.linkedin.com/in/domenic-fiorenza-44a51787,514-633-1066,"Concord, ON L4K 4L6",46,Arif Hasan
https://ca.indeed.com/rc/clk?jk=c4719fa10d9b708e&bb=HIjDI5jsh1-_mkxySLtCfIlbZ4N1SAOocR_7-LQ0sYfej-yc6d7ouEjbVhDzn3W9hmhgO1nRN5BGHlD2tzzw413v6ee7soQrLr9Lof6nASSVmHVQHc4E0qgGzSzaJuRT&xkcb=SoDo67M335ZCQcRON50MbzkdCdPP&fccid=f2b54117cd8b3b04&vjs=3,Senior Accountant,Next Supply,nextsupply.ca,Tina,Lebuffe,tlebuffe@nextsupply.ca,Senior Director of Finance,http://www.linkedin.com/in/tina-lebuffe-41276111,289-982-6398,"Vaughan, ON",190,Arif Hasan
https://www.linkedin.com/jobs/view/4123387820,Financial Analyst (Temporary),Niagara Regional Police Service (Nrps),niagarapolice.ca,Courtney,Woods,courtney.woods@niagarapolice.ca,Finance Manager,http://www.linkedin.com/in/courtney-woods-cpa-ca-02509512b,905-688-4111,"Niagara Falls, Ontario, Canada",304,Hasib Uddin
https://ca.indeed.com/rc/clk?jk=568466b7063e636b&bb=qp2S61PsnZdP5mgoTWWyGPgb7xWTOqWQjbWps3yu1-Gfn2y2bbDLAGhNAvA0DH57ZMTPqzst-Esk6FSlbFu774M2Jy4D7RZJj5PO9Xls6zBI7pnETGwbGotRi5OLzuIB&xkcb=SoDW67M335ZKM4gNWb0FbzkdCdPP&fccid=0a81aa41b650d5f7&vjs=3,Intermediate Accountant,Norpro,norpro.com,Steve,Tarchuk,starchuk@norpro.ca,Chief Executive Officer,http://www.linkedin.com/in/steve-tarchuk-5b471611a,705-949-3227,"Sault Ste. Marie, ON",45,Arif Hasan
https://ca.indeed.com/rc/clk?jk=3541a094e30678de&bb=KuaMsql-Nrc7we0EKKi689k_HopAT28c6r28G21KoofMtS9fQ7RYWjqVqrmsmDLTYWIdfk7fDWkoPV06wPZOIfcxvTfrMZYA5G0ZduBcmvk6DdoVS0Kizyk2ZdewTRgR&xkcb=SoBL67M335ZVENRNW50KbzkdCdPP&fccid=6b6e431d67db1c3f&vjs=3,Junior Corporate Accountant,North American Development Group,nadg.com,Mike,Diminno,mdiminno@nadg.com,Vice President Finance,http://www.linkedin.com/in/mike-diminno-960814123,(905) 477-9200,"Markham, ON L3R 0E1",190,Hasib Uddin
https://ca.indeed.com/rc/clk?jk=c841062037c14145&bb=qEEzlg0hy1IlgdCWFZmK2ybzfdQbKUL-rBSpg0CFfy1MCARedtxPNNouDn8PWfujciMogbPX0bimKlxRBrrQG9c1Cw1JCV8DAaS6aBfNxZ6UzwcePfwdCzHpR1o-4lx2fGGXlIFnNSk%3D&xkcb=SoCp67M335ZEHdy0xZ0FbzkdCdPP&fccid=992237e9218954a3&cmp=North-Star-Windows-%2526-Doors&ti=Senior+Accountant&vjs=3,Senior Accountant,North Star Windows & Doors,northstarwindows.com,Chris,Smith,csmith@northstarwindows.com,"Director, Human Resources",http://www.linkedin.com/in/chris-smith-587450b3,519-773-3333,"St. Thomas, ON",110,Arif Hasan
https://ca.indeed.com/rc/clk?jk=1509b66fedcf4054&bb=U-6Vm9jtdzqm-vFjBFme-lu2ul5oEcGIvfZM9cxZy6U6hfoohCHuULfCOZ1FK10LEEOw0Iw_v8l68HHqDysqQAfipVKGwRZmmNPzoW9I7gcIEqUIr_jxhTVpIR0mGt9j&xkcb=SoAH67M335ZYZyxON50DbzkdCdPP&fccid=fa57aa2a49405911&vjs=3,Junior Accountant,Northern Roads Auto Group,northernroads.com,Luciano,Butera,luciano@northernroads.com,Chief Executive Officer,https://www.linkedin.com/in/luciano-butera-29955010/,(250) 567-7914,"Niagara Falls, ON",6,Arif Hasan
https://www.linkedin.com/jobs/view/4127929211,Financial Analyst,Ontario Northland,ontarionorthland.ca,Natalie,Park,natalie.park@ontarionorthland.ca,Director of Finance,http://www.linkedin.com/in/natalie-park-cpa-ca-63679025,800-363-7512,"North Bay, Ontario, Canada",429,Arif Hasan
https://ca.indeed.com/rc/clk?jk=c419af595b0fed55&bb=GxTKrqpF80RHBd6mwf0LB2vOJpYxXR_JRbX50RXOq2CBLBiKogQnFl5Od2dNieqXDlYj4Z_Bj0YhGNVoGYw-IWlR_5ZDihlSzK1IixpCBWCTSa746_qJMFUYIuo9VtFa&xkcb=SoBE67M335ZGaVy00x0bbzkdCdPP&fccid=0ccb45861694df0c&vjs=3,"CPA, Accountant - Corporate Finance",Ontario Securities Commission,osc.ca,Roger,Aguiar,raguiar@osc.gov.on.ca,Controller,http://www.linkedin.com/in/roger-aguiar-cpa-2b311a55,416.369. 2444,"Toronto, ON M5H 3R3",708,Hasib Uddin
https://ca.indeed.com/rc/clk?jk=1d9f8d4a71f7b8a4&bb=HIjDI5jsh1-_mkxySLtCfGexp3NcYIDEaTGD8HlY08WRznCCrC70qgiLNu3R1vNRYdqdqflrlrySEnCdyWj0wYUuieNqaOl4dxv3bOQ0L3CmahcekcfK-fzDdLRLRTBNloUErwhy5HA%3D&xkcb=SoBc67M335ZCQcRON50NbzkdCdPP&fccid=b267cbb39c55c3f5&cmp=Onyx-Fire-Protection-Services-Inc.&ti=Senior+Financial+Analyst&vjs=3,Senior Financial Analyst,Onyx-Fire Protection Services,onyx-fire.com,Seymour,Korman,skorman@onyx-fire.com,VP Finance,http://www.linkedin.com/in/seymourkorman,(800) 776-9976,"Mississauga, ON",227,Hasib Uddin
https://ca.indeed.com/rc/clk?jk=b18e0151bb8a39ad&bb=uTQGuIYxTij-FBIxPZuduikhQAnZRBQb8VG_GoG9e_6rphtbJjr73VLFrtCWuTWRj4iULal36tD1kVLvkJJntYJHSYWzE5vglNIGrX6UeQ9l0Xy3-aVhObVaMVWzZq5y&xkcb=SoC667M335ZUeLy0xZ0KbzkdCdPP&fccid=75ddedeb7dc5b20e&vjs=3,Accountant,Opusvi,opusvi.com,Wilbert,Wong,wilbert.wong@opusvi.com,VP of Finance,http://www.linkedin.com/in/wilbertwong,844 446 7373,"Hybrid work in Toronto, ON",40,Arif Hasan
https://ca.indeed.com/rc/clk?jk=03661cc3b5e81d9c&bb=qc-0qQJgc-vCJ1rlbO4sJkt-9jN3I1w3sP7Sxde_6gFLy9jAuuG-vrsXNo4clVJz-_ltmXnS0f50cabU_eeYrL20ifusnQLVv6AtHrzE8uxLXTS7mbHCsfC9TfT1Sglf&xkcb=SoCc67M335ZThOSkCB0PbzkdCdPP&fccid=fd958892901d75e8&vjs=3,Junior Accountant/Summer Co-op,Part Time Cfo Services,parttimecfoservices.ca,Timothy,McLaren,mclaren@parttimecfoservices.ca,Director of Finance,http://www.linkedin.com/in/timothy-mclaren-611b0643,905-376-3025,"Ottawa, ON",64,Arif Hasan
https://ca.indeed.com/rc/clk?jk=b7a3e527f1cece3a&bb=8RkN7rUjIJg3thOjgsXz8XOQZ0nnvBtCocr-KcCxaZmMrRAaXoh2U02JYt4sb7FMvxWD2b3A3jiRIfgYPN31Q5Sq-U9nD3eelEZQuIRFLEl5JpbLQyxk_eq3-uwzdzFt&xkcb=SoAp67M335ZbVDRNW50BbzkdCdPP&fccid=833956ad955368fc&vjs=3,Senior Financial Analyst,Partners Community Health,partnerscommunityhealth.ca,Joel,Borgida,joel.borgida@partnerscommunityhealth.ca,"Director, People & Culture",http://www.linkedin.com/in/joel-borgida-cec-1b901271,905-369-2442,"Mississauga, ON",106,Hasib Uddin
https://ca.indeed.com/rc/clk?jk=1ad82c1132fe0f2f&bb=sr2XeCVtupDMrl_C3GB1EqdICHZcRKEPg4sP4PdYCwjgLyYKGhsvEjlD09uqllQ9NsNYNwa7q9lXK4mhVl8QiMeflylRraWphYP8d0A4-FwKv4aaxLauvmerg97mQmS6&xkcb=SoDS67M335ZdICSkCB0AbzkdCdPP&fccid=6b02fbaea114e23c&vjs=3,Senior Accountant,Passage,passage.com,Martin,Basiri,martin@passage.com,Founder & CEO,http://www.linkedin.com/in/martinbasiri,,"Toronto, ON",31,Hasib Uddin
https://ca.indeed.com/rc/clk?jk=0febd524f8e0e0ef&bb=p9uCpt-TGtPy5gt6HV5tK9HQCkuO9WecHP9DFYHoFHGL--SZ1x5DFkpLWFFnxczWyL1TassftmApJGOLZXVGy4PeVhYwzCwoTdCyODaA3LEOtOeRKvDPSDa3O0pFk-Bm&xkcb=SoAO67M335ZOUfQGRZ0HbzkdCdPP&fccid=65597b61c24cfc84&vjs=3,Financial Analyst,Pc Financial,pcfinancial.ca,Sudhanshu,Setia,setiasudhanshu@pcfinancial.ca,"Director, Finance",http://www.linkedin.com/in/sudhanshu-setia-0474862,647-426-1343,"Hybrid work in Toronto, ON M5V 2V9",709,Hasib Uddin
https://ca.indeed.com/rc/clk?jk=72af0c06e768cd41&bb=11qc5eiy38gHX9r4EBMeY4p7UQFc7uOQr98505ZmaeIRb79h-S5LR7DjZ8lzR_PWLDH5ncR9b_ZZkl8cEftmn-qiWcFscdXC9C3s9uiVtKcvkLLLGgCBOamys3ru_avh&xkcb=SoDB67M335ZffDRSxp0NbzkdCdPP&fccid=09eda54418a3694a&cmp=Isabelle-Restaurant%2C-The-Pearle-Hotel-and-Spa&ti=Accounting+Clerk&vjs=3,Accounting Analyst,Pearle Hospitality,pearlehospitality.ca,Zina,Gjonaj,zina@pearlehospitality.ca,Finance Manager,http://www.linkedin.com/in/zina-gjonaj-2243b046,905-648-1088,"Ancaster, ON",483,Hasib Uddin
https://www.linkedin.com/jobs/view/4118972801,Financial Analyst,Pembroke Regional Hospital,pemreghos.org,Ralph,Hatem,ralph.hatem@pemreghos.org,"Director, Human Resources",http://www.linkedin.com/in/ralphatem,613-732-2811,"Pembroke, Ontario, Canada",327,Arif Hasan
https://ca.indeed.com/rc/clk?jk=b3abef06ad29ea92&bb=8RkN7rUjIJg3thOjgsXz8bpQDVUBkrC41ic7yJmFvhCDzlAI9ff5D3VJZ1PnlYfnBhtluLzpmO6hS0Bb98VuvtFDoVG88eoeJRGp3Sz7DzDxcD_f3N_feF3idZ7qzS5s&xkcb=SoDA67M335ZbVDRNW50ObzkdCdPP&fccid=32e135964a3d9c32&vjs=3,Senior Trust Fund Accountant (Onsite),People Corporation,peoplecorporation.com,Salman,Momin,salman.momin@peoplecorporation.com,Vice President Finance,http://www.linkedin.com/in/salman-momin-cpa-cma-4936893,204-940-3900,"North York, ON",808,Hasib Uddin
https://ca.indeed.com/rc/clk?jk=f7b86714bb5bd22f&bb=U-6Vm9jtdzqm-vFjBFme-vo9PpmojVAFCpwskEjus7yXhDGE-M09LM1__wYbEsYXSoE7xbdnOwAvhsQc4gyabOAygkNVQA4pKiimYrwlCx0wgQGI3D5wtqDwEFbSikHV&xkcb=SoCz67M335ZYZyxON50CbzkdCdPP&fccid=7472ca9a88e0ffd6&cmp=PERCEL-INC.&ti=Property+Accountant&vjs=3,Property Accountant,Percel Inc,percel.com,Robert,Weinberg,rweinberg@percel.com,President,http://www.linkedin.com/in/robert-weinberg-b39b891a,905-761-6840,"Barrie, ON",54,Hasib Uddin
https://www.linkedin.com/jobs/view/4114371389,"2025 CFO, Summer Financial Analyst (4 months)",Ph&N Institutional,institutional.phn.com,Steve,Gabor,sgabor@phn.com,"Vice President, Finance",https://www.linkedin.com/in/steve-gabor-2394a318/,800-661-6141,"Mississauga, Ontario, Canada",143,Arif Hasan
https://ca.indeed.com/rc/clk?jk=d202063eab163bef&bb=uTQGuIYxTij-FBIxPZuduoI6_iWgGiDKI2Yg4bf_wSjLXYjurS1_orPeq3T5-69AoUwvixSYnogDV_CiF27_dt5rSFVr99gGeB4EfYycJ4m_f2vsQ5GiCrZQLhqfeadA&xkcb=SoBT67M335ZUeLy0xZ0FbzkdCdPP&fccid=88d38f341f58513f&vjs=3,Property Accountant,Pier 4 Ltd,pier4.ca,Janet,Bray,jbray@pier4.ca,Human Resources Director,https://www.linkedin.com/in/jbray3/,437-292-5682,"Toronto, ON M5J 1S9",28,Hasib Uddin
https://ca.indeed.com/rc/clk?jk=0d23886fac1ed5b0&bb=TdPSLjtcVhFSkhBSL1QbyXs730n-nCazfu8UQZ7JuxXFctUAz5KejyGNvJ818LeauHuNOhJ222ux21jJq4VDxychAK2IgrdKIpwDXaTgLylUt5q-aDc_93nwP_7Yvrym&xkcb=SoBx67M335ZCx9ANWb0IbzkdCdPP&fccid=7fccb5afe2906ca6&cmp=Pingle%2527s-Farm-Market&ti=Assistant+Controller&vjs=3,Assistant Controller,Pingle'S Farm Market,pinglesfarmmarket.com,Jordan,McKay,jordan@pinglesfarmmarket.com,Owner,http://www.linkedin.com/in/jordan-mckay-9b37a945,905-725-6089,"Hampton, ON",26,Hasib Uddin
https://ca.indeed.com/rc/clk?jk=9934559e045f00c0&bb=9Ou7JHvZdHJvt2DoerXTf469Xz3P3AMHo0Tlup9YjprFNQOEzQVL5eiO5P61RsI5gZioZeXayQFYDdlAa-PssBMRAlguV5kp7pJxh4dP7-Lgz91YQvkL37h8uslfAGEl&xkcb=SoBo67M335ZO8Dy00x0NbzkdCdPP&fccid=4f0ed4fb9282716b&cmp=Pinnacle&ti=Senior+Accountant&vjs=3,Senior Accountant,Pinnacle,pinnacle.com,Philip,Chan,philip.chan@pinnacle.com,Talent Acquisition Manager,http://www.linkedin.com/in/pchan512,702-541-7777,"Hybrid work in North York, ON M2N 6K1",433,Hasib Uddin
https://www.linkedin.com/jobs/view/4116521267,Senior Accountant,Plan International Canada,plancanada.ca,Ian,Burdett,iburdett@plancanada.ca,"VP, Finance",http://www.linkedin.com/in/ian-burdett-70ab151,800-387-1418,"Toronto, Ontario, Canada",420,Hasib Uddin
https://ca.indeed.com/rc/clk?jk=8ecdaa76334197a7&bb=8RkN7rUjIJg3thOjgsXz8T3GtA93Qmkfg2TtkOC6Hulc9JsFa_T_M9quPISAzdi9znKWRBET-OB2tFmv6ZEf3dYGugNcfKlv_UV8ZpVCJ_-iBALkhtNeYAeT6_EyYbQi&xkcb=SoBO67M335ZbVDRNW50JbzkdCdPP&fccid=ad88900110c7bc8f&vjs=3,Accounting Analyst (Intermediate),Plusgrade,plusgrade.com,Stephanie,D'Souza,stephanie.dsouza@plusgrade.com,Director of Finance,http://www.linkedin.com/in/stephdsouza,514-437-2185,"Hybrid work in Toronto, ON",798,Hasib Uddin
https://www.linkedin.com/jobs/view/4126607295,Senior Financial Analyst,Postmedia Network Inc.,postmedia.com,Andrew,Chwartacky,achwartacky@postmedia.com,Vice President Finance,http://www.linkedin.com/in/andrew-chwartacky-cpa-ca-cpa-illinois-40140923,(416) 386-2679,Canada,1221,Arif Hasan
https://ca.indeed.com/rc/clk?jk=5e55d6da17d3cc3d&bb=YooiF-HOxoaHpzlR_ez3_6r1f_Ihg-H05sTFxtSYLgMqCMo1vr93DY2azMfXI0kBIri2YVg2Mq4TRkmvVsaUOw5ZvYmxx5frkz_iGK6kOADbEnn6J-Ooe7AJJrrw_1ND&xkcb=SoBv67M335ZK9pS0xZ0DbzkdCdPP&fccid=4b7f3f062e17202e&vjs=3,Senior Staff Accountant,Prasad & Company Llp,prasadcpa.com,Patrizia,Orlando,trish@prasadcpa.com,HR Manager,https://www.linkedin.com/in/patrizia-orlando-61381820/,416-639-9710,"Thornhill, ON L3T 1Z5",75,Hasib Uddin
https://ca.indeed.com/rc/clk?jk=ada048653cdc5153&bb=WMkisIuo02jPGU-N5HYtk15Ao7NuajqYnAwJ8Ci8pJsZm75U-sZd2yhGNnw9foqqqrhlZdnUE8KcXNo-1RXzFxCI86uJ-mRLJY1r4IGKKLF1TL6tJlu2ooOM81MLE0sF&xkcb=SoBZ67M335ZIpES00x0PbzkdCdPP&fccid=f8d58c1e6af748f8&vjs=3,Senior Accountant- Payroll,Procor Limited,procor.com,Rena,Pritzker,pritzker@procor.com,"Director, Human Resources",http://www.linkedin.com/in/renapritzker,613-996-6666,"Oakville, ON L6L 2X9",323,Hasib Uddin
https://ca.indeed.com/rc/clk?jk=3696cee87462234a&bb=uTQGuIYxTij-FBIxPZudupQFkNbMeAzrn5Lybw6ajPQMxhZBHHjYaWCHiF5Aam9rwyaah9ppFzoFAQ2Isy4yA122Mq4_u68-0sGlAlxIbZyRBnw-N7FR_7NX-Nj6y1tv&xkcb=SoD067M335ZUeLy0xZ0AbzkdCdPP&fccid=5405b37365fbb1dd&vjs=3,Project Accountant,Proslide Technology,proslide.com,Jessica,Huang,jhuang@proslide.com,Finance Manager,http://www.linkedin.com/in/jessicaqhuang,613-526-5522,"Ottawa, ON K2B 8H6",149,Hasib Uddin
https://www.linkedin.com/jobs/view/4102795006,Assistant Controller,Ptag,ptaginc.com,Janice,Maas,janice.maas@ptaginc.com,Controller,http://www.linkedin.com/in/janice-maas-0b0946a,519-609-6125,"Markham, Ontario, Canada",142,Hasib Uddin
https://www.linkedin.com/jobs/view/4106223037,Financial Analyst,Publicis Canada,publicis.ca,Carolin,Reinisch,carolin.reinisch@publicisna.com,Vice President Finance,http://www.linkedin.com/in/carolin-reinisch-938649b9,(416) 925-7733,"Toronto, Ontario, Canada",290,Arif Hasan
https://ca.indeed.com/rc/clk?jk=fb70dd24bf92ac54&bb=duItIG1F-N9Rgjt2G8oqw3LWnLwOKxMpK_tApzPLJElnlW31aYdw-ZmZrgiFp4lFIQu4nicy9Xj5QffiH0nDEfxmHNvQyK8B0q7_LqZq8fPFI1aOA-5hgJYSF6VBN2UI&xkcb=SoDA67M335ZBhLSkCB0AbzkdCdPP&fccid=f767ed0bfb3926ca&vjs=3,Assistant Controller,Pure Flavor Farms Lp,pure-flavor.com,Daniela,David,ddavid@pure-flavor.com,Vice President Finance,http://www.linkedin.com/in/daniela-david-cpa-ca,519-326-8444,"Leamington, ON",316,Hasib Uddin
https://ca.indeed.com/rc/clk?jk=3ade14e1aae11b38&bb=1BVo5Et9mbAymFnHcs3FCXC2wAe7Zl7hYB_v3p6HFd7C_25uyoliJiqH8zdNEx8WUxKQRydpN4IhFjxM-olA_EdB8jkFS5OCyR-H0sQm24A0m92f_tsfT7jYQ7JqkhhhSQh9WpmaigY%3D&xkcb=SoBV67M335ZNpuS0xZ0AbzkdCdPP&fccid=1b8153edbf5e31b8&vjs=3,Financial Analyst - FP&A - Dec 2024,Purity Life Health Products,puritylife.com,Alana,Field,alana.field@puritylife.com,Finance Manager,http://www.linkedin.com/in/alanafield,519-853-3511,"Acton, ON",167,Hasib Uddin
https://ca.indeed.com/rc/clk?jk=c84f5464428b6b34&bb=GxTKrqpF80RHBd6mwf0LB6mU2xyx-MB479cyCAp_PbIo8MViceq_U7NQT_B4JuRSQ0DV8037qihKa_9-J-acAGjqsuUOFTs5FwlUzpZbC-z8pl1bJwoBjWm3_xEfZRNi&xkcb=SoBK67M335ZGaVy00x0GbzkdCdPP&fccid=b3dc919e16c3a4e7&vjs=3,Project Accountant,Qm Environmental,qmenv.com,David,Brenzavich,david.brenzavich@qmenv.com,Vice President Finance,http://www.linkedin.com/in/dbrenzavich,416-253-6000,"Burlington, ON",270,Hasib Uddin
https://ca.indeed.com/rc/clk?jk=67f2b16938e790bf&bb=YooiF-HOxoaHpzlR_ez3_8cKIo-D4clRrnMccKnwFsTOW9l_fpJRjmGLbQU2ieWeEUksCY-IuZD14N1EzGtggfOjmJvpj3A0sGfymeZLDWZG0YIsTpt2NhOWioXRc2MM&xkcb=SoAy67M335ZK9pS0xZ0NbzkdCdPP&fccid=4c0dd9bbeab79d21&vjs=3,Senior Property Accountant,Quadreal,quadreal.com,Michelle,Power,michelle.power@quadreal.com,Director of Finance,http://www.linkedin.com/in/michelle-power-4aba58243,604-975-9500,"Toronto, ON",1245,Hasib Uddin
https://ca.indeed.com/rc/clk?jk=2cdaafbe7a894e44&bb=duItIG1F-N9Rgjt2G8oqwz9RTkr03Rmh-mpbA0lxPYqI_sOoXP77Cd-9Ya9J0sxABgWboIeCzuO4BJ3d8X7JzwgJK4WB0K5E_tQ_BMZDt9vpLH7l4BzHz93ZfYaNN75P&xkcb=SoCO67M335ZBhLSkCB0KbzkdCdPP&fccid=0621b03c5f41e655&vjs=3,Junior Financial Analyst,Quantum Lifecycle Partners Lp,quantumlifecycle.com,Michael,Dunwoody,mdunwoody@quantumlifecycle.com,VP of Finance,http://www.linkedin.com/in/michael-dunwoody-8270824,705-725-1919,"Hybrid work in Toronto, ON M9L 2V4",214,Hasib Uddin
https://ca.indeed.com/rc/clk?jk=7ef47e831133604e&bb=PpcaEL72cAtfHgxQIJ8bIrm2cdPXWq3syR9Ma5v1g2JyDFUSTsDpqBYXd7S6W3dG2nDsZy5q1m_q2Isd9y3c7VOXGz_S1ahVVeAt2b_sXCkK9qGdJMPRF5sH9RgbZn5PjPCLtQFyHhM%3D&xkcb=SoCu67M335ZeG3RNW50KbzkdCdPP&fccid=b3faeb8ca69be0b6&vjs=3,Accountant,Radian Robotics,radianrobotics.com,Norm,Vanderee,nvanderee@radianrobotics.com,President and Chief Financial Officer,http://www.linkedin.com/in/norm-vanderee-cpa-b0767541,905-639-7370,"Hamilton, ON",27,Hasib Uddin
https://ca.indeed.com/rc/clk?jk=555db9baa23f1990&bb=SDvIRSmFVmFp0WimAhe8ivMwoBjzemOprJterzjqZpgrgOE46K1iY_IPMDBrB_fj82jTpNIP8wb8KUD_nCHI-42uonadustTo-V9F1tnOrIImxs18wc1cujqZynoZ0en&xkcb=SoBP67M335ZG7-y0xZ0DbzkdCdPP&fccid=6588d6ed738320fc&vjs=3,Senior Treasury Accountant,Rakuten Kobo,kobo.com,Tracy,Thomson,tthomson@kobo.com,"Vice President, Global Human Resources",http://www.linkedin.com/in/tracy-thomson-chrl-chrp-2116a933,416-977-8737,"Toronto, ON",640,Hasib Uddin
https://ca.indeed.com/rc/clk?jk=d9d5511924aa3454&bb=SDvIRSmFVmFp0WimAhe8irWMF7W0m_qg1cIMlR220eArzM69CdLuupEhCrh_5aEfetGVxVhEXResNX5qK06Sfofsy0N0OC0IjQnzdjoPNr_1NcLrxyboYUReQstKmFRp&xkcb=SoAB67M335ZG7-y0xZ0JbzkdCdPP&fccid=1fe1e184525cc12e&vjs=3,"Accountant, Shared Services",Redpath Mining,redpathmining.com,Nina,Hurley,nina.hurley@redpathmining.com,Finance Manager,http://www.linkedin.com/in/nina-hurley-b025a9206,705-474-2461,"Vaughan, ON",235,Hasib Uddin
https://ca.indeed.com/rc/clk?jk=16e615899c991b16&bb=sqW9hB1-VngVRDwfcOZWFCUGHw3Zdzyg6KYNbDOr6l1FKP-JYIQCwUQMwmYN4MjvhZHJvevVFsHN6LvlS89rDjZ9sUfi6XZxflA_eOioE8Ay_Xg-ewi6dYrw663JybXW&xkcb=SoDr67M335Ze_hwGRZ0GbzkdCdPP&fccid=b56b61435091eb9c&vjs=3,Accountant,Regional Group,regionalgroup.com,Celia,Muregerera,cmuregerera@regionalgroup.com,Human Resources Director,https://www.linkedin.com/in/mcelia/,613-230-2100,"Ottawa, ON K2C 0P9",92,Hasib Uddin
https://ca.indeed.com/rc/clk?jk=efc2cca2f562babc&bb=KuaMsql-Nrc7we0EKKi680CEkHMJlLI4htLXqxjAezaG1QBmVajAc3tqZ9Al5KftrROOQBceN4bY1ijmc6M1iL-T23pSYyqjGqER6XtTKG1TQnMQEBLSNBgBPaKQtlbB&xkcb=SoCL67M335ZVENRNW50HbzkdCdPP&fccid=271aa4ffe8d98bf0&cmp=Rehab2Go&ti=Staff+Accountant&vjs=3,Staff Accountant,Rehab2Go,rehab2go.ca,Shoaib,Nathani,shoaib.nathani@rehab2go.ca,Co-Founder and Co-CEO,http://www.linkedin.com/in/shoaibnathani,647-407-3422,"Toronto, ON",10,Hasib Uddin
https://ca.indeed.com/rc/clk?jk=a1352101842dac2a&bb=_eglFx-d15OE3yHpEhOzhLkGRBCWElbO8Fu-SYHQ2Wx1QwwG9N0efUcvdgmyiFzTW-0Mr65QxWWPa_bQJNZM3t-mmnd0TKMc4s0hujBStICFiI96k6zi09JL3ESeRSUq&xkcb=SoAb67M335ZDX_SkCB0DbzkdCdPP&fccid=9aa40cd2accb7367&vjs=3,Senior Financial Analyst,Reliance Home Comfort,reliancehomecomfort.com,Shannon,Downing,sdowning@reliancecomfort.com,Human Resources Director,http://www.linkedin.com/in/shannon-downing-chrl-53181350,888-837-1451,"Hybrid work in Toronto, ON M2J 4P8",1536,Hasib Uddin
https://ca.indeed.com/rc/clk?jk=8dd2e8e60bde82c1&bb=WMkisIuo02jPGU-N5HYtk93bHTzpxYVS9J2VYid5f-og-8FQMe6qLYizeAz7x-Jeu8HLc6knuSt7EpBpPCy4-J3hFq_ZzYxBN7Jhe6nl0cho18u15p5JLw%3D%3D&xkcb=SoAX67M335ZIpES00x0FbzkdCdPP&fccid=82b85134e77cf6a5&vjs=3,accountant,Remitbee,remitbee.com,Pratheepan,Yoganathan,pratheepan@remitbee.com,Co-founder and CEO,https://www.linkedin.com/in/pratheepanyoganathan/,647-689-2323,"Mississauga, ON L4Z 1H8",63,Hasib Uddin
https://ca.indeed.com/rc/clk?jk=3d4a7b7de6af1c76&bb=sr2XeCVtupDMrl_C3GB1EmfHmo4QGhZw8kurBB1P7ISi05j465Eh5FeEliqAZjeVcUpOhcIWQ4ktD7_zfR6uMIea9wpnCY9l2BZVPNY3RgSnt9epZTNkMmbYvnAP5NnZ&xkcb=SoBP67M335ZdICSkCB0DbzkdCdPP&fccid=d0b1681a79253ea9&cmp=Renteknik-Group-Inc.&ti=Junior+Accountant&vjs=3,Jr. Accountant,Renteknik Group Inc.,renteknikgroup.com,Darren,Cooper,d.cooper@renteknikgroup.com,President,http://www.linkedin.com/in/darrenacooper,905-634-3888,"Burlington, ON L7L 6E9",19,Hasib Uddin
https://ca.indeed.com/rc/clk?jk=a37fa194f7ae5367&bb=PpcaEL72cAtfHgxQIJ8bIswNInuDZB7ZmCHBI2qRfA08C8FvS1DNT431r1Q8DSa8YI3YWyfyt_ragQu2nR13s-0RaMvG7U_tV8tL7OrUZgm3SI7SX-tU2rz7FWkMreQ4&xkcb=SoBu67M335ZeG3RNW50HbzkdCdPP&fccid=c59d180b6f9175d7&cmp=Reynbridge&ti=Accounting+Clerk&vjs=3,Accounting Analyst,Reynbridge,reynbridge.com,Robert,Reynolds,rreynolds@reynbridge.com,President,http://www.linkedin.com/in/robert-reynolds-89506450,,"Hybrid work in Newmarket, ON L3Y 7T9",5,Hasib Uddin
https://ca.indeed.com/rc/clk?jk=c02d291e7c71a372&bb=LZBFaNDAswBPqiVtrnkVqtjYvXbInsJXa66dLwXo3G6TX8Fvxc8Cpk7xK1J1s5V3xk_qnmDipNTPhjqQi7bVVmjdoJSlLB8ioZaHjiOU8-hs-IupVjpqhnJB9Yz3A8YV_i7q9Ct8JkM%3D&xkcb=SoC-67M335Zf0ZS00x0JbzkdCdPP&fccid=270e1e04169abfa3&cmp=RIMS-Transport&ti=Senior+Accountant&vjs=3,Senior Accountant,Rims Transport,transportcorp.com,Sherri,Lister,sherri.lister@transportcorp.com,Controller,http://www.linkedin.com/in/sherri-lister-81004914,905-549-7800,"Hamilton, ON L8H 3L4",53,Hasib Uddin
https://ca.indeed.com/rc/clk?jk=834a10bff46fd41a&bb=3dsjGy4t3Jbrq9C7I5aXHy8IlCDVN1D7m1fHmDBHTHxEHbjgvwKbfEcB8Q_LRcyvr6Nu9i-H2JSiv4A76dk28mFIGtbHPLKXRU-pRte_9fOamHCe-64KY7RnyPXC9B0k3s9ub-t1_ow%3D&xkcb=SoDB67M335Za8NykCB0HbzkdCdPP&fccid=bba90b91427a54f8&vjs=3,Senior Accountant - Tax,Rlb Llp,rlb.ca,Natasha,Tersigni,natasha.tersigni@rlb.ca,Director of Finance,http://www.linkedin.com/in/natasha-tersigni-cpa,519-822-9933,"Guelph, ON",280,Hasib Uddin
https://ca.indeed.com/rc/clk?jk=98e70f1cda09b5b8&bb=1BVo5Et9mbAymFnHcs3FCaFBGtoK96VWdQ_h8ZTg-vw4mNkZGgJGgj3Ft7y4bbq0SS8evnOJXAE27uc3Xrzp1aYyLLrK8hrRL_KaiVXq7rr4GQoQ5Jqw9pveTrtTYz1k&xkcb=SoDI67M335ZNpuS0xZ0DbzkdCdPP&fccid=50e4e1c7146f1314&vjs=3,Bilingual Senior Financial Analyst,Roofmart,roofmart.ca,Allan,Donnan,teresa.ball@roofmart.ca,Controller,https://www.linkedin.com/in/allan-donnan-53a74210/,905-545-1136,"Brampton, ON L6W 3R5",370,Hasib Uddin
https://ca.indeed.com/rc/clk?jk=3d682e9d64aa3654&bb=11qc5eiy38gHX9r4EBMeY3oqx_NzQyNdhWobC9Yt4bMSZfGdl1axXWF68pFoONZVu15FPsnOiY2Z6xz_jFbUXtfjluKIfCnww0gEa21pPAW7uJif65gdE0b2pNNPcHjg&xkcb=SoCS67M335ZffDRSxp0ebzkdCdPP&fccid=9264019a303e05dd&vjs=3,Financial Analyst – Revenue (Job Req #2025-124),Ross Video,rossvideo.com,Megan,Graham,mgraham@rossvideo.com,"Director, Regional HR",http://www.linkedin.com/in/megan-graham-85702425,613-228-0688,"Ottawa, ON",1371,Hasib Uddin
https://ca.indeed.com/rc/clk?jk=f561b40693552588&bb=7E2CWxj1q8y8SXhKv_6lTPOPEdj4tgbD-8UOrQJHTYSJENpN0yF3PabWWvuC0VuHOnMjQNti2hbjewj6aD41C9usruM9_MpUc2zMCuMqHYPnzmptbALJgTuF6Y7E6UmC&xkcb=SoBz67M335ZMbfxSxp0NbzkdCdPP&fccid=aadaad90ff9abf63&vjs=3,Financial Analyst - Corporate Finance,Russel Metals,russelmetals.com,Catherine,Milne,cmilne@russelmetals.com,Vice President Human Resources,http://www.linkedin.com/in/catherine-milne-hrhs,905-819-7777,"Mississauga, ON L5N 7J6",726,Hasib Uddin
https://ca.indeed.com/rc/clk?jk=a9ddf0229f8b3fb5&bb=-L2rlNfgZ1_tv7eab2z39Sbm56EobVEre-aCGJmak-PSP2c18_pw98mFxYAV6eaa3eCVF4kCVTf8mml9QLU0rBLV_176KshWBRRmuln1YEqCAq-unXaNzYhtgon0prw5&xkcb=SoB567M335ZZvwANWb0FbzkdCdPP&fccid=ba9d452c84587aa2&vjs=3,Senior Fund Accountant,Sagard,sagard.com,Parinaz,Sobhani,psobhani@sagardholdings.com,Managing Director,http://www.linkedin.com/in/parinaz-sobhani,514-286-6248,"Toronto, ON",404,Hasib Uddin
https://ca.indeed.com/rc/clk?jk=1117f2344c6251aa&bb=HIjDI5jsh1-_mkxySLtCfJsWyAhCOTlfwZpChaoJUqu2oLLYT_pSTo6gBFkV9MSF2XShXMtUPp0FwZ0LvdBj90tEF9DMgh3x9DGxLePRNfP6z7NcZXE_mCkJk51pHV_k&xkcb=SoDB67M335ZCQcRON50ObzkdCdPP&fccid=cce42fd926ad6364&vjs=3,Financial Analyst (Part-Time),Secure Digital Markets,sdm.co,Aziza,Raimova,aziza@sdm.co,Finance Manager,http://www.linkedin.com/in/aziza-raimova-a35749114,647-267-9199,"Hybrid work in Toronto, ON M5V 1M5",38,Hasib Uddin
https://ca.indeed.com/rc/clk?jk=5c3022e09aab16e2&bb=3dsjGy4t3Jbrq9C7I5aXH5IOe7OE9vMvxNYjJAk4jqoM8i0Y9tFjfL7AViEcEyDovLLYKDMLevDUc0FgUKQJCq8B3ii_UkHGDp84_epW72uUMSFhZxle7Us3EJXD_PlX&xkcb=SoA767M335Za8NykCB0MbzkdCdPP&fccid=44904ac4dd5c105a&vjs=3,Finance - Financial Analyst,Segal Gcse Llp,segalgcse.com,Katie,Contway,kcontway@segalgcse.com,"Manager, Human Resources",http://www.linkedin.com/in/katiecontway,416-391-4499,"Toronto, ON",252,Hasib Uddin
https://ca.indeed.com/rc/clk?jk=b0cbc6d7fdc170a9&bb=-L2rlNfgZ1_tv7eab2z39f7iatUb---GRkHFzq8oZSCPRPlB2t9B-i0axI_5yZ7sYGen_NYjV_GOGTusmMdlPVjTGQ-k6pPnd4AEHJHxVzFjDkSVKcMYBMxznBJv3Hq_&xkcb=SoDe67M335ZZvwANWb0AbzkdCdPP&fccid=71b31da9f6710da0&vjs=3,Senior Tax Accountant,Sfir Consulting Ltd.,sfirconsulting.com,Simon,Fedorovsky,simon.fedorovsky@sfirconsulting.ca,CEO & Co-Founder,http://www.linkedin.com/in/simon-fedorovsky-7758a681,647-560-1517,Ontario,11,Hasib Uddin
https://ca.indeed.com/rc/clk?jk=fdd2bf0735424dfd&bb=_eglFx-d15OE3yHpEhOzhAQ6EtsTIygwpis97uDVuKdg9wwH8A2P0lZV0rC5bROztwcbxZphZ3o-9AH9ocpgJOBGQB_-8sRl8iZsw2zBtOHYAx9yuCLJhrrmXUGQKdRR&xkcb=SoDI67M335ZDX_SkCB0KbzkdCdPP&fccid=343953d969e69736&cmp=Sheldon-Creek-Dairy&ti=Senior+Accountant&vjs=3,Senior Accountant,Sheldon Creek Dairy,sheldoncreekdairy.ca,Bonnie,Haan,bonnie.haan@sheldoncreekdairy.ca,"Founder, CEO",http://www.linkedin.com/in/bonnie-den-haan-36a40446,705-434-0404,"Loretto, ON",8,Hasib Uddin
https://ca.indeed.com/rc/clk?jk=14e56f620df433c5&bb=qeVQ-X-1PdEoip86G_1zpDXmKyuSPgZ-50W0VD2RHGpc22ZAXXBSy2ck3PKEKuiGTBLP5eBB60mgdAsgbM_y5xvQZ0OwD1VeS5KCuXt4bIUsFoNYsIihH3_P-hheoJY2&xkcb=SoCF67M335ZaE2y00x0ObzkdCdPP&fccid=fbf211dff6abae68&vjs=3,Accountant,Simpson Print,simpson-print.com,Joe,Ferguson,joe@simpson-print.com,Controller,http://www.linkedin.com/in/joe-ferguson-109a10bb,519-744-3745,"Kitchener, ON",33,Hasib Uddin
https://ca.indeed.com/rc/clk?jk=42c1612fa4e02ac6&bb=L04DoFzKTLHeDPoyKuOwNTy9RJkAJ5y2-KgzfuWAUmC1Zs8E83TAsgsVbj2PNOfRoTLjQLf-y-XuBAJVEQC7alAtUrroU4XLtirvixWSldlMggess7ejxGrVVZOLiU-rb3AAnYWyPms%3D&xkcb=SoDr67M335ZAVWykCB0JbzkdCdPP&fccid=cc59751af36c9eb2&cmp=Sky-Acoustics-Inc&ti=Senior+Accountant&vjs=3,Senior Accountant,Sky Acoustics Inc,sky-acoustics.com,Ratna,Muralitharan,ratna.muralitharan@sky-acoustics.com,Controller,http://www.linkedin.com/in/ratna-muralitharan-8b376b63,416-294-6059,"Concord, ON L4K 4L5",2,Hasib Uddin
https://ca.indeed.com/rc/clk?jk=acdc45778cf24249&bb=GxTKrqpF80RHBd6mwf0LBykZNkRtekNO2OZh6Oa4BB-n6xDXoFmsbsb3Yb4BXyY3H-4uFRBcabl3Hu5agPetSxMCv6ri9IIXoHsBvQT08gZcc0APnPeWvQ%3D%3D&xkcb=SoCZ67M335ZGaVy00x0PbzkdCdPP&fccid=450c5740442c13df&vjs=3,"Student, Financial Analyst Co-op, SLC Management (Summer 2025)",Slc Management,slcmanagement.com,Thomas,Simac,thomas.simac@slcmanagement.com,Managing Director,http://www.linkedin.com/in/thomas-simac-57209492,416-557-4428,"Waterloo, ON",494,Hasib Uddin
https://ca.indeed.com/rc/clk?jk=651346b047249a48&bb=_104L0S2yJNr32PDENlvPW0um7RxkKdd1HmYsYXI2dZNvHUgo0EzVMu5R2Ct8IgiqXXo-hqzBMZG_4z8WobOSSezNawaTc_7d0SMfZvKz7PXrPxdxftmNjHXx-ZeqIoyb4MGU8tbi_w%3D&xkcb=SoCs67M335Zdh3xON50PbzkdCdPP&fccid=270dded55721d5ad&cmp=Smith-and-Long-Limited&ti=Plant+Accountant&vjs=3,Accountant (Manufacturing Plant),Smith And Long,smithandlong.com,Robert,Riopelle,rriopelle@smithandlong.com,President,http://www.linkedin.com/in/robertriopelle,800-346-6566,"Etobicoke, ON",260,Hasib Uddin
https://ca.indeed.com/rc/clk?jk=75ba1e52cec3da9a&bb=duItIG1F-N9Rgjt2G8oqwzrDKvSgHkbt_xfUVXd5m3sxs2NQjD5MLjD_ghvtDj1SW4E1NcgbF5y7scRiWc1CMcySBeQJa8J6DWgvgnnPS4ISpD222jGxogBDBdODOYOk&xkcb=SoD667M335ZBhLSkCB0GbzkdCdPP&fccid=f040d89f5311dfe7&vjs=3,Senior Financial Analyst,Solink,solink.com,Telisha,Hermkens,thermkens@solinkcorp.com,Talent Acquisition Manager,http://www.linkedin.com/in/telisha-hermkens,844-635-7305,"Kanata, ON",327,Hasib Uddin
https://ca.indeed.com/rc/clk?jk=09d31112e4a879bb&bb=TdPSLjtcVhFSkhBSL1QbycYrX1z3PNoxYbG1pnEfdMW2Z336j6flGFMlSvWoUswbgnYftG21Tra8Xoq4bEwLRztb3stdkAe91xPMb1ETyE-oKmugzLnJ9ra32_CyZuSktAUfY8RG9I8%3D&xkcb=SoBL67M335ZCx9ANWb0ObzkdCdPP&fccid=b967104f9a4cb460&vjs=3,Senior Financial Analyst,Solutions 2 Go,solutions2go.ca,Slava,Klems,sklems@solutions2go.ca,Vice President Finance,http://www.linkedin.com/in/slava-klems-cpa-ca-bb050627,905-564-1140,"Brampton, ON",511,Hasib Uddin
https://www.linkedin.com/jobs/view/4126172572,Financial Analyst,Southbridge Care Homes,southbridgecarehomes.com,Giulio,Desando,gdesando@southbridgecare.com,Human Resources Manager,http://www.linkedin.com/in/giulio-desando-a219661,519-621-8886,"Cambridge, Ontario, Canada",400,Arif Hasan
https://ca.indeed.com/rc/clk?jk=6ce4adb203d8efe0&bb=HIjDI5jsh1-_mkxySLtCfNfd8ozpeCVpuFqjRmDR8grMxKl55xdF7o4DpmUQ9wwaCcE29PzFgkw9TsF_eml66QnjS24q5ZzJ18-FqeMPtU-cIc8lhn7CdW0DN6ZbPKKM&xkcb=SoB167M335ZCQcRON50PbzkdCdPP&fccid=4fa48b21d72fcad4&vjs=3,Financial Analyst,Southbridge Homes,southbridgecare.com,Giulio,Desando,gdesando@southbridgecare.com,Human Resources Manager,http://www.linkedin.com/in/giulio-desando-a219661,519-621-8886,"Cambridge, ON",394,Hasib Uddin
https://ca.indeed.com/rc/clk?jk=07bbc1e9bfa84a42&bb=LZBFaNDAswBPqiVtrnkVqvN9LFTE10IFVfhQVyhurh9j8cMFqijgyNSgIIqaLKip1BGrZy8W243rLHZq5bmWMdFHOG8R9bnRF1EWbr02lAkvbyGqch1r7j7zVNRlDWJq&xkcb=SoCE67M335Zf0ZS00x0PbzkdCdPP&fccid=eebd739ac6d065fc&cmp=Spin-VFX&ti=Senior+Accountant&vjs=3,Senior Accountant,Spinvfx,spinvfx.com,Maryam,Farhadi,mfarhadi@spinvfx.com,Head Of Human Resources,http://www.linkedin.com/in/maryam-farhadi-088b52a8,416-504-8333,"Hybrid work in Toronto, ON",199,Hasib Uddin
https://ca.indeed.com/rc/clk?jk=b2ed2953c23c7103&bb=yicuRoULbGQ18KTEB4BKWuhrYHc2Jbi-c-FV9rVV2c6pkOR__1a7867xKgi99kH8sSJd7xK_vxGatoQZL1MFBQ8kbjP1tbZtoAIyyodYZl4zApUHbC8zPy9YJr9iTsSX&xkcb=SoAX67M335ZcbzwGRZ0CbzkdCdPP&fccid=4d68849780fa6d26&vjs=3,Accountant,Sred.Io,sred.io,Maria,Cabral,maria.cabral@sred.io,Director of Finance,http://www.linkedin.com/in/maria-cabral-4b888b11,,"Toronto, ON",21,Hasib Uddin
https://ca.indeed.com/rc/clk?jk=e8f2c48f9c63017a&bb=I988qV83X8vicT6BZGerHvw8qsGBdoR8lVFPCR2hmrUkZPqxPFCPEqGLNrxyBI0n4kJljv95d_q5wzw5GOshnrEntM5TE9g8MqdJPpZ5rVWcnHmxDeTGjBKlyi7cARbR&xkcb=SoBl67M335ZOY0RON50LbzkdCdPP&fccid=d0f52cb5e98d70d5&vjs=3,Junior Financial Analyst,Starlight Investments,starlightinvest.com,Patricia,Shurrie,pshurrie@starlightinvest.com,Vice President Finance,http://www.linkedin.com/in/patricia-shurrie-a40b299b,416-234-8444,"Toronto, ON",384,Hasib Uddin
https://ca.indeed.com/rc/clk?jk=1580e08df9c5cefb&bb=_eglFx-d15OE3yHpEhOzhP4kwjr3VYthxdwsPd64bql86gGLg9s7OcsdxiKUqhUZWtbkvGqaKA0DjzflC8R8HoSTHrrGBJaFBhsmd1VoKTSh3nDH-4PGLWe7KTj3kA8n&xkcb=SoCG67M335ZDX_SkCB0AbzkdCdPP&fccid=0592a3a7b4647760&vjs=3,Senior Accountant,Steelway Building Systems,steelway.com,Natalie,Lima,nataliel@steelway.com,HR Manager,https://www.linkedin.com/in/natalie-lima-844352b5/,519-765-2244,"Hybrid work in Aylmer, ON N5H 2R4",92,Hasib Uddin
https://ca.indeed.com/rc/clk?jk=839a55c4117df15c&bb=l0vUwaUff-Pf_zMvqlkI57lbDiAbwe3DrlK5iZM4xY-ByBg2yDdsgT6xPMXgbQEFAFaFe2lhUzlq1CdLdjEb_YLcbCgxFBDpTlbkjQQLWSQFOxW2DGQzU2lKkgU9NGcYKd2TFDoQqx0%3D&xkcb=SoDF67M335ZHwKRNW50KbzkdCdPP&fccid=514f41ef93131505&vjs=3,General Ledger Accountant (Hybrid),Stella-Jones Inc.,stella-jones.com,Michel,Faye,mfaye@stella-jones.com,Controller,http://www.linkedin.com/in/michel-w-faye,514-934-8666,"Whitchurch-Stouffville, ON",945,Hasib Uddin
https://ca.indeed.com/rc/clk?jk=f7b5124df97ae1df&bb=hwNeH9Hwfjf80Np3vPCJxkWtRKrWNYFjksaKEM4AtPXYIlnDIZGlkbIDnHtt61CLkfKhXMi4DJTT7fAXp9a3jpSEXnpsxrESdteMioU1xgIsEaJL14N6F71m6fsloXCT&xkcb=SoDM67M335ZW6ETS5x0HbzkdCdPP&fccid=8b772df9cecbb7bc&vjs=3,"Senior Accountant, Assurance",Stern Cohen Llp,sterncohen.com,Cristina,Morke,morke@sterncohen.com,Controller,http://www.linkedin.com/in/cristina-morke-farrugia-45ba9891,416-967-5100,"Hybrid work in Toronto, ON M4V 1L3",49,Hasib Uddin
https://ca.indeed.com/rc/clk?jk=095f47d681eb964e&bb=3dsjGy4t3Jbrq9C7I5aXH64VHJfAX93mrYOy0A0wjMjiztIgS1KVJSlDO2gEciE9vuyAav-JrhnmNl4hYh1rnJ_sxtVOl1VFZtkzI22RbxHn0B0JwSzFPH2ZeEZbAM0K&xkcb=SoAo67M335Za8NykCB0IbzkdCdPP&fccid=0f5c5a1043961ecd&cmp=Sukh-Tax-%2526-Financial-Services&ti=Senior+Tax+Accountant&vjs=3,Senior Tax Accountant,Sukh Tax & Financial Services,sukhtax.com,Sukhwinder,Canth,s.canth@sukhtax.com,,Co Founder,https://www.linkedin.com/in/sukhwinder-singh-canth-76411422/,905-456-0660,,
https://www.linkedin.com/jobs/view/4110897842,Senior Financial Analyst,Sun Gro Horticulture,sungro.com,Veronica,Sousa,veronica.sousa@sungro.com,Director of  Finance,http://www.linkedin.com/in/veronica-de-sousa-cpa-cma-03146498,800-732-8667,"Trent Lakes, Ontario, Canada",360,Hasib Uddin
https://ca.indeed.com/rc/clk?jk=27f319bb858f87a0&bb=8RkN7rUjIJg3thOjgsXz8cSvE6YDT4S3E2vKtLkrAiLYxNaVzl68hoR_s6iIZRqzZnIKBRJjoFyCftObhhm0it3we1V0s4dUopXFErE9nuYCNQlDfQ6x6zJP-zQ8iZFq&xkcb=SoC067M335ZbVDRNW50CbzkdCdPP&fccid=8a2ee058bc272a3e&vjs=3,"Sr. Financial Analyst, FP&A",Sunwing Vacations Group,sunwing.ca,Samantha,Loboda,sloboda@sunwing.ca,Finance Manager,http://www.linkedin.com/in/samanthaloboda,877-786-9464,"Hybrid work in Toronto, ON M9W 1K6",1122,Hasib Uddin
https://ca.indeed.com/rc/clk?jk=244d4d99e2e247f2&bb=HIjDI5jsh1-_mkxySLtCfGVWamu4toCDAw4mzT_TQvsNpHwgA_3gfBV_Q-g2PJ8UsTDm0iS4ZyeQHwCwzUTqBxwCE-qXoLFs3J_oKeK28OgFR-HqH2xUdG-5u_9cG7X9&xkcb=SoCc67M335ZCQcRON50AbzkdCdPP&fccid=80442dfd1e8a25a9&cmp=Superheat&ti=Accounting+Clerk&vjs=3,Corporate Accounting Analyst - General Accounting,Superheat,superheat.com,Chidozie,Anaedu,canaedu@superheatfgh.com,Controller,http://www.linkedin.com/in/chidozie-anaedu-acca-5119541a,888-508-3226,"Hybrid work in Sarnia, ON N7W 1A3",388,Hasib Uddin
https://ca.indeed.com/rc/clk?jk=f0a8023b0203df5a&bb=qEEzlg0hy1IlgdCWFZmK26MyWnsxD_26kMR3AsNP-l0536idqAK0AS8jO0zQLz53X786zGuSx51WpLY1yT4XimomqhCSLbqRqEnz4emuL1wLglqi_70DpZiFi5tEXEohJiKsOftpHHE%3D&xkcb=SoCT67M335ZEHdy0xZ0DbzkdCdPP&fccid=3f0d8164e7190b0c&cmp=Suzuki-Canada&ti=Financial+Analyst&vjs=3,Financial Analyst,Suzuki Canada Inc,suzuki.ca,Yao,Diephuis,ydiephuis@suzuki.ca,Controller,http://www.linkedin.com/in/yao-diephuis-4a001352,905-889-2600,"Barrie, ON L4N 9Y2",68,Hasib Uddin
https://www.linkedin.com/jobs/view/4112829881,Assistant Controller,Swift Medical,swiftmedical.com,Ashley,Shoul,ashley.shoul@swiftmedical.com,People Manager,https://www.linkedin.com/in/ashleyshoul/,888-755-2565,"Toronto, Ontario, Canada",92,Arif Hasan
https://ca.indeed.com/rc/clk?jk=40f5c54e34f72d59&bb=AcvRv4P4dNlYwU-iPUilLVR8ecGKTqdEL2P8t9Bc8NFV9Zt9x2dGVe9rHb5HYCFEcyb74EJ0xRixm-S3Qhq18Fc_lrjy_Bo05EI8pvpYzQZek006xy-PV8Mev6MkW6to&xkcb=SoBJ67M335ZWK8TS5x0MbzkdCdPP&fccid=8bcaf2bb9b41282c&cmp=Sylvite&ti=General+Accountant&vjs=3,General Accountant,Sylvite Agri-Services Ltd,sylvite.ca,Shaun,Trahan,strahan@sylvite.ca,Vice President Finance,http://www.linkedin.com/in/shaun-trahan,905-331-8365,"Putnam, ON",170,Arif Hasan
https://ca.indeed.com/rc/clk?jk=4fb7ca0b0b0288d4&bb=sqW9hB1-VngVRDwfcOZWFEvYaj5-HjiG_vdI7ZHkQ_Fn1NRs0IOdgpdqNes1GI-A9_oyFkrjjzjYR6a2fpwiZoR5KUMHWnkmqAHQS8MbD4RyXUx-wkGZFLSbFqu0ULEC&xkcb=SoAR67M335Ze_hwGRZ0NbzkdCdPP&fccid=d8675a7ded532f62&cmp=T2-Utility-Engineers-Inc.&ti=Accountant&vjs=3,Intermediate Accountant,T2 Utility Engineers Inc.,t2ue.com,Keith,Briggs,keith.briggs@t2ue.com,Director Of Finance,http://www.linkedin.com/in/keith-briggs-3b063720,(855) 222-8283,"Whitby, ON",240,Arif Hasan
https://ca.indeed.com/rc/clk?jk=eeedeaabb3d61bdc&bb=7E2CWxj1q8y8SXhKv_6lTPQaoa8JzVd1h9qu91UUld6n_9kg2TmDsXtGpNwJmZfuhgaLK_MjuqmHz41lLR9MiIyrIw_YGvPkCi2So9jf4N8-8PBj_nITi7YRgnkOvZ7_&xkcb=SoDU67M335ZMbfxSxp0IbzkdCdPP&fccid=39b6389247a9fe47&vjs=3,Full-Time Senior Accountant,Taylor Leibow,taylorleibow.com,Nigel,Jacobs,njacobs@taylorleibow.com,CEO,http://www.linkedin.com/in/npjacobs,905-523-0000,"Hamilton, ON L8N 1G6",85,Arif Hasan
https://ca.indeed.com/rc/clk?jk=75816fcee7cf2bc5&bb=oSRkvfI0J7cX1Q0gXS9dCJOoB0EefbeL310tvS_bsfsBnGvebH-x7i2Bmf8cVyTLbhY8TGMx5RF7sdUTKY095dlh9w0yjHXiJPjPT75gLFp4IDJlsokdaA%3D%3D&xkcb=SoCP67M335ZNwZRSxp0ObzkdCdPP&fccid=038788882cac29d3&vjs=3,senior accountant,The Bookkeeping Bureau,bookkeepingbureau.ca,Eric,Sicotte,esicotte@bookkeepingbureau.ca,Founder & CEO,https://www.linkedin.com/in/ericsicotte/?originalSubdomain=ca,(613) 424-1101,"Orleans, ON K1C 1G3",16,Arif Hasan
https://ca.indeed.com/rc/clk?jk=35bf87ae473c3c70&bb=duItIG1F-N9Rgjt2G8oqw5-Fc8OxZHOLRSIfcDmqHtkb-CpB720MKewqP37e5icKIZHAbM3eOpFDTZbcLZFL5nfx21afD2BZ_KIch3ngPv56wVOAd-xu62gGfRwuFZae&xkcb=SoC067M335ZBhLSkCB0MbzkdCdPP&fccid=2c209e080b2e73f5&vjs=3,Senior Financial Analyst (Finance),The Globe And Mail,theglobeandmail.com,Sarah,Bond,sbond@globeandmail.com,Director of Human Resources,http://www.linkedin.com/in/sarah-bond-0b787717,416-585-5000,"Hybrid work in Toronto, ON",1000,Arif Hasan
https://www.linkedin.com/jobs/view/3973352828,Senior Accountant,The Nationwide Group,tngoc.com,Colleen,Colman,colleen@tngoc.com,Vice President Human Resources,https://www.linkedin.com/in/colleen-colman-chrl/,888-477-9776,"Markham, Ontario, Canada",42,Arif Hasan
https://ca.indeed.com/rc/clk?jk=f5baa51bb493aa40&bb=I988qV83X8vicT6BZGerHpeNPoFwKI0N6B-ggM_Wb6ciEA-BOe1N1eHByW2LssgoexATwScdkrtcy1V07NtVsi7C4-SPlUaF2rGLexQpa_4JnrgwPPprQquSKhjv4LXI&xkcb=SoBf67M335ZOY0RON50NbzkdCdPP&fccid=f373c04c9b067126&vjs=3,Financial Analyst (RFT 1.0 FTE),The Royal Ottawa Mental Health Centre,theroyal.ca,Rosanna,Lashley,rosanna.lashley@theroyal.ca,"Director, Human Resources",http://www.linkedin.com/in/rosanna-lashley-82669070,(800) 987-6424,"Ottawa, ON K1Z 7K4",690,Arif Hasan
https://www.linkedin.com/jobs/view/4087454309,Assistant Controller,The Verge Insurance Group,vergeinsurance.com,Caroline,Sherk,csherk@vergeinsurance.com,Managing Partner,https://www.linkedin.com/in/caroline-sherk-54633564/,905-688-9170,"St. Catharines, Ontario, Canada",68,Arif Hasan
https://ca.indeed.com/rc/clk?jk=6b30b77a98ae7c46&bb=9Ou7JHvZdHJvt2DoerXTfwZTQHFa5z6LIWKjRfQLVszvlMBNjOfb7ScsZRb8xE0rj4YynAjj_A47AWogfvcFPEdQy39aRd6NjrC1mA9ZOA7ytseJq4vkyxz95drKtHS1&xkcb=SoDm67M335ZO8Dy00x0KbzkdCdPP&fccid=666fd20061348c42&vjs=3,Senior Financial Analyst,"Thomas, Large & Singer",thomaslargesinger.com,Loretta,Yeung,lyeung@thomaslargesinger.com,"Vice President, Finance",http://www.linkedin.com/in/loretta-yeung-28434641,800-268-5542,"Hybrid work in Markham, ON L3R 5B4",130,Arif Hasan
https://ca.indeed.com/rc/clk?jk=8143b295dfcc2817&bb=_eglFx-d15OE3yHpEhOzhHLFGfZCY89JMAv6HV2Bd2hHL03yhn1icLUpPXknepEiBq2-yxAqPYGCdZN08biRVbVgo6nXPEP2Vb5SSaYELKCreLAuzRVGxGxsjtAzJHp_&xkcb=SoAI67M335ZDX_SkCB0HbzkdCdPP&fccid=78103f47f5258b31&vjs=3,Senior Financial Analyst (Thrive Group),Thrive Group Canada,thrivegroup.ca,Kristine,Fowler,kfowler@thrivegroup.ca,Human Resources Manager,http://www.linkedin.com/in/kristinefowler,,"Hybrid work in Hamilton, ON",280,Arif Hasan
https://ca.indeed.com/rc/clk?jk=32a555b2a075729c&bb=11qc5eiy38gHX9r4EBMeYwCPfQIqo2qncDbF_gCulpkEC_rt0bMfDyl_eDkGC76e7cunBt1u503GTonejrfJntOA6qNd48pdvLOpUP-EXi5boCDAi9I6U4wMUq4HeTiv&xkcb=SoDo67M335ZffDRSxp0PbzkdCdPP&fccid=b6163f3493fb2f2d&vjs=3,"Senior Accountant, Corporate Reporting",Tricon Residential,triconresidential.com,Karen,Santos,ksantos@triconresidential.com,HR Manager,http://www.linkedin.com/in/karen-santos-0a9bb72b8,844 874 2661,"Toronto, ON M5S 2B7",810,Arif Hasan
https://ca.indeed.com/rc/clk?jk=e909c68caa9dd642&bb=qEEzlg0hy1IlgdCWFZmK23IcZ9QftvkgChqdhEg8aKvxJwID8AmHKF433FqyJiba9Wp-8qEJ_jyR3f2WiBYUgUxFWTqt8nrz1qW_8tAI62_-qvPnMqR3Lvva77E6rL3N&xkcb=SoD067M335ZEHdy0xZ0LbzkdCdPP&fccid=f25ff83697e0e5b9&vjs=3,Financial Analyst/ Controller,Triumph Group Of Companies,triumphinc.ca,Pedro,Ribeiro,pribeiro@triumphinc.ca,Financial Controller,http://www.linkedin.com/in/pedro-ribeiro-cpa-822939125,(416) 534-8877,"Toronto, ON M6L 2H8",97,Hasib Uddin
https://ca.indeed.com/rc/clk?jk=5cffcaaa09dc6bbc&bb=yicuRoULbGQ18KTEB4BKWloJoyvoS3fnxiLgdHAwzt76PjmbRhJaQHaEyGwdoiKsuEZwOMheZisPJ1mgXhfwm08ebSFKthsDb3lUAbHRddqazCA241dE6OS4ezNkSFiNBIlUitwlBf8%3D&xkcb=SoBw67M335ZcbzwGRZ0KbzkdCdPP&fccid=8cf330b346a8d187&cmp=Universal-Soul-Service-Corp.&ti=Accountant&vjs=3,Accountant,Universal Soul Service Corp.,drsha.com,Alexandre,Gheysen,alexandre.gheysen@drsha.com,CFO,http://www.linkedin.com/in/alexandre-gheysen-3492395,888 339 6815,"Richmond Hill, ON L4B 1B9",35,Arif Hasan
https://ca.indeed.com/rc/clk?jk=2814ef8d87149cea&bb=U-6Vm9jtdzqm-vFjBFme-kt6oEwKiamv0uf4Xm_9iL1saHXqhCuwfc_8UkbWDDSV2RU-WqICNWqEge5P4SEj1hQF_ND9wflCoJFD5zWnC4qmPmoQkBvJe9ZnDiJkQT63&xkcb=SoBz67M335ZYZyxON50PbzkdCdPP&fccid=aef923c8284a4620&vjs=3,General Accountant,Vinfast Auto Canada,vinfastauto.ca,Sandy,Olejniczak,sandy.olejniczak@vinfastauto.com,HEAD of Human Resources,http://www.linkedin.com/in/sandy-olejniczak-a7970241,833 503 0601,"Toronto, ON",130,Hasib Uddin
https://ca.indeed.com/rc/clk?jk=c084984f3438f996&bb=_104L0S2yJNr32PDENlvPf_kthUdPzx-LIiWGUUw2qPsuu0dE6KrAizPkDq_RE7Gdu-2gslufSR95bOSf1dVOTqKYg1CRPO5hz08I8rlKxfVHuFCZYkB8e5EHJXuo2cb&xkcb=SoAY67M335Zdh3xON50ObzkdCdPP&fccid=4a47517eb1ae7c81&vjs=3,Accountant,Vive Crop Protection,vivecrop.com,Hassan,Valiji,hvaliji@vivecrop.com,Director of Finance,http://www.linkedin.com/in/hassanvaliji25,416-260-8889,"Hybrid work in Mississauga, ON L4V 1Y8",91,Arif Hasan
https://ca.indeed.com/rc/clk?jk=c8c5ead6b9502664&bb=neVDvZaS6wxpAIPNLAqG_lajMUhgtVvknKgHVUnucd7wcs9Oc0-aWC1jCnai9t1MdtS98IySAssRg1bjxh1881Mop81uORXcrAd9zLwlX4sAJYxg-0doASoEnfIrm7Bi&xkcb=SoD067M335ZMgmgNWb0MbzkdCdPP&fccid=4f037c93ba202379&vjs=3,Senior Financial Analyst,Volaris Group Inc.,volarisgroup.com,Neha,Mehta,neha.mehta@volarisgroup.com,"VP, Finance",http://www.linkedin.com/in/neha-mehta-cpa-ca-44867513,877-800-2558,Ontario,1000,Arif Hasan
https://ca.indeed.com/rc/clk?jk=9ff068b730f26a49&bb=_104L0S2yJNr32PDENlvPcDDDTpFlF3tOBnwqc3bTA8R7KnIq28RaXod9YTdcc4cFGHRkacFE6-bnc2c_9SHVHo_vW5XXxQWDdI1IhIpL-jX2eAWcn8FrxLXvYTQz98v&xkcb=SoAi67M335Zdh3xON50IbzkdCdPP&fccid=e247da412f14df3c&cmp=WA-Health&ti=Accountant&vjs=3,Accountant,Wa Health Inc,wahealth.ca,Darrell,Cowen,darrell.cowen@wahealth.ca,Chief Financial Officer,http://www.linkedin.com/in/darrell-cowen-65156563,(289) 768-3621,"Hamilton, ON L8M 1J6",10,Arif Hasan
https://ca.indeed.com/rc/clk?jk=b7ded60421e963e1&bb=_104L0S2yJNr32PDENlvPbzxG17OAFGwPIp7_fo8socjdpUQCK5NIoT6s01OEN5oUOTe4pIXd_hwPxprH3mzIDpY_XGy8yFO6RtMEo-YnOwaM0TIJstKb3YfgtLikuwZ&xkcb=SoCW67M335Zdh3xON50JbzkdCdPP&fccid=95ba8475caf6ae95&cmp=Walia-Group-of-Companies&ti=Senior+Accountant&vjs=3,Senior Accountant,Walia Group Of Companies,waliagoc.ca,Bobby,Walia,bobby@waliagoc.ca,Chief Executive Officer,http://www.linkedin.com/in/bobby-walia-a1457a60,,"Brampton, ON L6Y 5B5",4,Arif Hasan
https://ca.indeed.com/rc/clk?jk=1fa75f3539c72291&bb=AcvRv4P4dNlYwU-iPUilLdJB2-n2fTmvOQJQR9OEh1PdRV_F0IDCJP5pQsg9yLrhzSFRKR5NugcAtMPXUb8OvJ9OSvWMK1n5jSOQGxvnpHQsj4w2eynpRtm6lyzOUizS&xkcb=SoAU67M335ZWK8TS5x0CbzkdCdPP&fccid=db7c2eedbd8d5174&cmp=Quality-Inn-Carrier-Circle&ti=General+Accountant&vjs=3,General Accountant,Waraich (Hospitality) Group,waraichgroup.com,Shahid,Mahmood,shahid@waraichgroup.com,President,https://www.linkedin.com/in/shahid-mahmood-63a1b77/?originalSubdomain=ca,647-333-2204,"Oshawa, ON L1G 3V2",9,Arif Hasan
https://ca.indeed.com/rc/clk?jk=c714bcc14cc57eb6&bb=TdPSLjtcVhFSkhBSL1QbySuT77WVxhGuuwp2yx2o1jD9rgC9mPnt0wCq39nYjL3wxDyBBo7H7l0_lh48gwR6vQn-pLtQ4OSz3RCCwrzMsi-mQE8W8zwUbrOgIXLaPXNHAHPtjhjxK0U%3D&xkcb=SoDF67M335ZCx9ANWb0JbzkdCdPP&fccid=11484059f498613c&cmp=Ramada-Plaza-by-Wyndham-Niagara-Falls&ti=Assistant+Controller&vjs=3,Assistant Controller,Winoa Canada,winoa.com,Vince,Polce,vince.polce@winoagroup.com,Human Resources Director,https://www.linkedin.com/in/vince-polce-b0b06428/,905-735-4691,"Welland, ON",316,Arif Hasan
https://www.linkedin.com/jobs/view/4127720463,Senior Accountant,Wp Osborne Executive Search Inc.,wposborne.com,Anthony,PaikinView,apaikin@wposborne.com,President,https://www.linkedin.com/in/anthony-paikin-5164801/,905-272-0600,"Toronto, Ontario, Canada",9,Arif Hasan
