Linkedin Link,company name,contact name,name prefix,full_name,first_name,last_name,email,title_position,person_location,full_address,company_phone,company_head_count,country,city,state,tag,source_link,middle_name,sur_name,gender,personal_phone,employee_range,company_website,company_linkedin_link,company_hq_address,industry,revenue,street,zip_code,rating,sheet_name,job_link,job_role,checked_by,review
https://linkedin.com/in/johndoe,TechCorp,John Doe,Mr.,John Doe,John,Doe,johndoe@example.com,CEO,New York,123 Tech Street,555-1234,100,USA,New York,NY,Lead,,Middle,Last,Male,555-5678,50-100,https://techcorp.com,https://linkedin.com/company/techcorp,123 Tech HQ,Technology,1M,Main Street,10001,5,Sheet1,https://example.com/job1,Software Engineer,Admin,Reviewed comments
https://linkedin.com/in/janedoe,Innovate Ltd,Jane Doe,Mrs.,Jane Doe,Jane,Doe,janedoe@example.com,CTO,San Francisco,456 Innovate Ave,555-9876,200,USA,San Francisco,CA,Prospect,,First,Last,Female,555-4321,100-200,https://innovateltd.com,https://linkedin.com/company/innovateltd,456 Innovate HQ,Innovation,2M,Innovate Street,94101,4,Sheet1,https://example.com/job2,Product Manager,Admin,Pending review
https://linkedin.com/in/alicesmith,CreativeWorks,Alice Smith,Ms.,Alice Smith,Alice,Smith,alicesmith@example.com,Designer,Los Angeles,789 Creative Blvd,555-2468,50,USA,Los Angeles,CA,Prospect,,First,Smith,Female,555-7890,10-50,https://creativeworks.com,https://linkedin.com/company/creativeworks,789 Creative HQ,Design,500K,Creative Street,90001,4,Sheet2,https://example.com/job3,Graphic Designer,Admin,Approved
https://linkedin.com/in/robertharris,BuildInc,Robert Harris,Mr.,Robert Harris,Robert,Harris,robertharris@example.com,Manager,Dallas,321 Build Road,555-1597,300,USA,Dallas,TX,Lead,,Middle,Harris,Male,555-9630,200-300,https://buildinc.com,https://linkedin.com/company/buildinc,321 Build HQ,Construction,5M,Build Street,75201,4,Sheet1,https://example.com/job4,Construction Manager,Admin,Pending comments
https://linkedin.com/in/maryjohnson,HealthPlus,Mary Johnson,Dr.,Mary Johnson,Mary,Johnson,maryjohnson@example.com,Director,Seattle,123 Health Way,555-7531,150,USA,Seattle,WA,Lead,,Mary,Johnson,Female,555-7531,150-200,https://healthplus.com,https://linkedin.com/company/healthplus,123 Health HQ,Healthcare,3M,Health Street,98101,5,Sheet3,https://example.com/job5,Medical Director,Admin,Reviewed comments
https://linkedin.com/in/stephenlee,TechGiant,Stephen Lee,Mr.,Stephen Lee,Stephen,Lee,stephenlee@example.com,Engineer,Austin,654 Tech Drive,555-4627,400,USA,Austin,TX,Lead,,Stephen,Lee,Male,555-1238,300-400,https://techgiant.com,https://linkedin.com/company/techgiant,654 Tech HQ,Technology,10M,Tech Street,78701,5,Sheet3,https://example.com/job6,Software Engineer,Admin,Approved
https://linkedin.com/in/angelajones,Foodies,Angela Jones,Ms.,Angela Jones,Angela,Jones,angelajones@example.com,Chef,Miami,987 Food Lane,555-6452,80,USA,Miami,FL,Prospect,,Angela,Jones,Female,555-8762,70-80,https://foodies.com,https://linkedin.com/company/foodies,987 Food HQ,Hospitality,500K,Food Street,33101,4,Sheet2,https://example.com/job7,Executive Chef,Admin,Pending review
https://linkedin.com/in/kevinbrown,Constructo,Kevin Brown,Mr.,Kevin Brown,Kevin,Brown,kevinbrown@example.com,Foreman,Chicago,753 Construct Ave,555-9874,120,USA,Chicago,IL,Lead,,Kevin,Brown,Male,555-3247,100-120,https://constructo.com,https://linkedin.com/company/constructo,753 Construct HQ,Construction,2M,Construct Street,60601,5,Sheet3,https://example.com/job8,Construction Foreman,Admin,Approved
https://linkedin.com/in/laurawilson,Designify,Laura Wilson,Ms.,Laura Wilson,Laura,Wilson,laurawilson@example.com,Architect,Boston,456 Design Blvd,555-6547,90,USA,Boston,MA,Prospect,,Laura,Wilson,Female,555-2314,80-90,https://designify.com,https://linkedin.com/company/designify,456 Design HQ,Architecture,1M,Design Street,2101,5,Sheet2,https://example.com/job9,Architect,Admin,Reviewed comments
https://linkedin.com/in/davidking,MarketNow,David King,Mr.,David King,David,King,davidking@example.com,Marketer,Orlando,123 Market Way,555-7489,60,USA,Orlando,FL,Prospect,,David,King,Male,555-8973,50-60,https://marketnow.com,https://linkedin.com/company/marketnow,123 Market HQ,"Marketing, Sales",750K,Market Street,32801,5,Sheet1,https://example.com/job10,Marketing Specialist,Admin,Pending review
